LABEL,Haplogroup,PC1,PC2
A. torrentium - NCD,BAN,-0.7031594501654548,5.639479571288244
A. torrentium - NCD,BAN,-12.098277900886973,-4.002707994791573
A. torrentium - NCD,BAN,-6.692271226946497,-3.055932072329912
A. torrentium - NCD,BAN,-3.4871403485569186,-4.472617372995499
A. torrentium - NCD,BAN,-1.4800626511561048,-5.0075151918791105
A. torrentium - NCD,BAN,-5.229283543508099,-2.8389993732780567
A. torrentium - NCD,BAN,-6.273943819195799,-3.0646693969605114
A. torrentium - NCD,BAN,-7.810245258642962,-2.679090983373355
A. torrentium - NCD,BAN,-7.796598633531021,-1.830830883633793
A. torrentium - CSE,CSE,9.507597157955816,-4.682916743874577
A. torrentium - CSE,CSE,19.769162091628214,5.2042670015953325
A. torrentium - CSE,CSE,-0.17461391658491462,3.905996527025057
A. torrentium - CSE,CSE,-10.265480695251238,-3.6270046653359103
A. torrentium - CSE,CSE,-1.1136213519862548,-4.401773302977868
A. torrentium - CSE,CSE,-4.449799570583095,-3.0384458791957734
A. torrentium - CSE,CSE,-0.9735036019503923,-0.1502502088468937
A. torrentium - CSE,CSE,-7.215206255420591,-3.292312789797673
A. torrentium - CSE,CSE,-3.9767317764945544,-1.9925919896989925
A. torrentium - CSE,CSE,-3.635431549627758,-2.8776344599088692
A. torrentium - CSE,CSE,-5.915519519734124,-1.7900022909865538
A. torrentium - CSE,CSE,4.149239989302598,-1.79954293649018
A. torrentium - CSE,CSE,3.287509278143128,-3.3575147931310982
A. torrentium - CSE,CSE,-8.665149646533308,-3.0328793961791964
A. torrentium - CSE,CSE,1.4788203193273808,-6.836177318928734
A. torrentium - CSE,CSE,2.440389802000509,-3.3628569452633803
A. torrentium - CSE,CSE,-5.849064773877797,-3.3328941500199143
A. torrentium - CSE,CSE,7.782214517442877,2.2087421876272164
A. torrentium - CSE,CSE,0.8415056146494522,-5.453870965087831
A. torrentium - CSE,CSE,-3.1149477134037644,-4.189653339082008
A. torrentium - CSE,CSE,13.521979317110482,5.666952486045701
A. torrentium - CSE,CSE,-4.143947916801714,-1.2373015889663994
A. torrentium - CSE,CSE,-0.23452069938005876,-5.159699329249939
A. torrentium - CSE,CSE,3.8527288607981065,-8.788889359195
A. torrentium - CSE,CSE,0.7015814794792159,-5.3297701864324525
A. torrentium - CSE,CSE,-0.33015107542219196,-2.4797175930712507
A. torrentium - CSE,CSE,-6.4082416799601285,-2.3223648937330346
A. torrentium - CSE,CSE,5.411648355520676,5.307610740986893
A. torrentium - CSE,CSE,-4.512546291526979,-4.671653363827385
A. torrentium - CSE,CSE,-3.5249830324720377,-1.9243921797389678
A. torrentium - CSE,CSE,5.4546181916940295,-4.823309146555503
A. torrentium - CSE,CSE,0.5915245870917553,19.67743235312492
A. torrentium - CSE,CSE,11.016497260801096,-6.3998203485704
A. torrentium - CSE,CSE,6.614450032346013,-5.154537712136323
A. torrentium - CSE,CSE,3.5204464259489003,-0.9656126941562267
A. torrentium - CSE,CSE,15.984793688362446,-9.921829427154009
A. torrentium - CSE,CSE,-1.8706147888196776,0.7420515165529741
A. torrentium - CSE,CSE,-2.9219539161034307,1.0879582255056184
A. torrentium - CSE,CSE,-4.298294427097344,0.2106951767915816
A. torrentium - CSE,CSE,-6.632636118681775,0.38990690592460925
A. torrentium - CSE,CSE,-3.95985661569361,-0.5516987654297373
A. torrentium - CSE,CSE,12.822104767069193,-3.5275662741400073
A. torrentium - CSE,CSE,1.7819792985528793,-0.45898619260967255
A. torrentium - CSE,CSE,5.530865230105158,0.8527588829486833
A. torrentium - CSE,CSE,-7.508839896105029,2.3287745761493164
A. torrentium - CSE,CSE,-3.0897823881276514,-2.538808764273034
A. torrentium - CSE,CSE,5.318952541026203,0.7741826876082042
A. torrentium - CSE,CSE,-4.2201567311460755,-0.6399859008350709
A. torrentium - CSE,CSE,4.453574998897791,-2.874470094880381
A. torrentium - CSE,CSE,2.917948802636265,4.832915195116124
A. torrentium - CSE,CSE,12.158411988384636,5.7170694128017665
A. torrentium - CSE,CSE,-3.9466636371085992,-2.4268817261487667
A. torrentium - CSE,CSE,11.828440963812291,-0.6762861876329902
A. torrentium - CSE,CSE,-7.105893586420631,-1.6475686359657777
A. torrentium - CSE,CSE,-2.666573443390341,5.926062457259709
A. torrentium - CSE,CSE,-4.720353618806608,1.5340597350514669
A. torrentium - CSE,CSE,-4.532568025743367,-0.4907199915393002
A. torrentium - CSE,CSE,-8.07115019140814,1.4181812679873844
A. torrentium - CSE,CSE,-4.63872893352835,-0.684944054481393
A. torrentium - CSE,CSE,-7.9205503442769185,0.27150817080533324
A. torrentium - CSE,CSE,-0.934987855998662,-1.2249271458460105
A. torrentium - CSE,CSE,0.4434936033149107,-3.844189039553723
A. torrentium - CSE,CSE,0.2621983013355643,0.9626568876509815
A. torrentium - CSE,CSE,-11.289028877287553,-1.6345170684130745
A. torrentium - CSE,CSE,-3.3727140453239377,-1.8066626636195569
A. torrentium - CSE,CSE,-10.602865912421935,1.9358401007222203
A. torrentium - CSE,CSE,0.05997911428984739,-2.6821392944776967
A. torrentium - CSE,CSE,-3.06788621076642,-0.6413891728472825
A. torrentium - CSE,CSE,-8.054305297773102,0.6708490901171485
A. torrentium - CSE,CSE,-2.8046740646777093,-3.9120280187370735
A. torrentium - CSE,CSE,-5.481302523829304,2.327355007036302
A. torrentium - CSE,CSE,-5.192714189700168,0.787790765352399
A. torrentium - CSE,CSE,-3.6199791192806616,-1.0141936823591438
A. torrentium - CSE,CSE,1.5978533680465214,-2.4743575619999674
A. torrentium - CSE,CSE,6.097535786457031,-4.614767217592337
A. torrentium - CSE,CSE,-5.674908807558256,-2.913377149564348
A. torrentium - CSE,CSE,-0.10976290541574617,-3.1674662134372875
A. torrentium - CSE,CSE,-2.5059343841293966,-3.372792358398914
A. torrentium - CSE,CSE,-1.7393541780488624,-2.548212490525218
A. torrentium - CSE,CSE,-1.136623155835601,0.8995653181055028
A. torrentium - CSE,CSE,8.591249168406206,-5.340955476107261
A. torrentium - CSE,CSE,-3.613907055393613,-3.4105989517847286
A. torrentium - CSE,CSE,6.204619871364239,-4.020086510678842
A. torrentium - CSE,CSE,-0.5015444022221813,-2.7355927056023104
A. torrentium - CSE,CSE,-0.7685924274074638,-5.155057664794757
A. torrentium - CSE,CSE,3.7123381724123172,-5.037529803110899
A. torrentium - CSE,CSE,15.818651688944229,8.60733142075722
A. torrentium - CSE,CSE,3.6328040297647917,-4.639751487011853
A. torrentium - CSE,CSE,12.910315197864302,6.009764839916569
A. torrentium - CSE,CSE,-0.3512414142250314,-0.126952944767495
A. torrentium - CSE,CSE,11.885375785483191,0.11753232099976464
A. torrentium - CSE,CSE,19.243043309526225,-6.030375800649976
A. torrentium - CSE,CSE,3.5335135713294137,0.36430253890956765
A. torrentium - CSE,CSE,13.842255025201698,7.786911893750025
A. torrentium - CSE,CSE,12.395325480482155,6.374768920920555
A. torrentium - CSE,CSE,21.370173706358656,-9.286911162382605
A. torrentium - CSE,CSE,7.518642888113019,-2.352598359371628
A. torrentium - CSE,CSE,10.17575334685499,3.158862911349488
A. torrentium - CSE,CSE,-2.876417931369171,-3.742271286136454
A. torrentium - CSE,CSE,-1.927865958369285,-4.572913986645394
A. torrentium - NCD,GK,0.4315477520658269,-4.642896056295796
A. torrentium - NCD,GK,1.2079973773097576,-4.976852416748062
A. torrentium - NCD,GK,0.9091486982050879,-3.866343678976273
A. torrentium - NCD,GK,4.99767388427957,-4.608634997202692
A. torrentium - NCD,GK,7.647085642203955,-5.832461195422655
A. torrentium - NCD,GK,0.28885693368725535,-5.103822110996988
A. torrentium - NCD,GK,2.8445096909732723,-5.502244533970825
A. torrentium - NCD,GK,0.4462997776012535,-5.358372653231628
A. torrentium - NCD,GK,0.6054736592311263,-6.0334565228788914
A. torrentium - NCD,GK,0.29078615955635306,-5.213764168668256
A. torrentium - NCD,GK,-1.6609698618552884,-2.7684391273387114
A. torrentium - NCD,GK,1.146405099470211,-5.915958200610488
A. torrentium - NCD,GK,9.266092005451942,-2.2186540810332036
A. torrentium - NCD,GK,-1.292213785126348,-4.282088311017792
A. torrentium - NCD,KOR,-8.669345177576046,-3.440731121173894
A. torrentium - NCD,KOR,-6.68845954391898,-4.386205357163127
A. torrentium - NCD,KOR,-7.049552648058353,-3.805370319998117
A. torrentium - NCD,LD,0.1690818698805898,-3.211446585642841
A. torrentium - NCD,LD,-14.91270098888168,1.641912700860454
A. torrentium - NCD,LD,-1.169839721139366,-3.914663177768847
A. torrentium - NCD,LD,12.799632863954866,-3.2994987315648436
A. torrentium - NCD,LD,-6.197704195657619,-0.6134006766159623
A. torrentium - NCD,LD,-8.795703449198257,1.5454035381342832
A. torrentium - NCD,LD,6.249645604530147,-1.559597940975464
A. bihariensis,AUB,-1.828046540639622,-0.86004915821142
A. bihariensis,AUB,-1.2820151348361166,-0.6904996789190178
A. bihariensis,AUB,-0.9089810108983052,-1.2581133853850328
A. bihariensis,AUB,11.237133478042882,0.9555597075780168
A. bihariensis,AUB,5.261232851401854,-6.637632909593459
A. bihariensis,AUB,-3.0920596987574167,-3.7068255807163393
A. bihariensis,AUB,8.953330132680012,-5.020244778664786
A. bihariensis,AUB,5.681620601777858,0.01805005495378769
A. bihariensis,AUB,9.360993329196331,1.132332273860713
A. bihariensis,AUB,5.974152716170762,3.3780375353200087
A. bihariensis,AUB,4.975945404792541,-4.656649496302403
A. bihariensis,AUB,13.387568240464786,-7.41404181339115
A. bihariensis,AUB,-2.0380394890656843,1.5887690394635
A. bihariensis,AUB,2.921886031779031,-0.769734856323077
A. bihariensis,AUB,-2.1912172322233294,0.3166023224180986
A. bihariensis,AUB,7.166429862202602,2.912781951154468
A. bihariensis,AUB,3.5305426410121443,1.1778659141198817
A. bihariensis,AUB,-2.2445717403526264,-2.7006948237313
A. bihariensis,AUB,3.659556286310547,-4.663004227362989
A. bihariensis,AUB,-3.1341540284139344,4.0847965618902515
A. bihariensis,AUB,-5.023066887623214,-2.1719392463505853
A. bihariensis,AUB,1.351495257910104,-5.164419185889037
A. bihariensis,AUB,0.13455027248614376,-3.923037534883985
A. bihariensis,AUB,-4.742439108827032,-1.7871499562741318
A. bihariensis,AUB,4.618581149868035,-0.225263642684597
A. bihariensis,AUB,-1.8445989506395502,-2.0614070993348124
A. bihariensis,AUB,1.246713432122671,-5.486987393047426
A. bihariensis,AUB,2.2346269409777926,-2.3408609434458065
A. bihariensis,AUB,-2.522145306585238,-2.8070089836809706
A. bihariensis,AUB,5.054466801864614,-0.6472435350415929
A. bihariensis,AUB,2.7080526044340596,-0.6227484900728283
A. bihariensis,AUB,6.130021261843263,-5.541425462737816
A. bihariensis,AUB,8.243639293268291,0.9894928836035511
A. bihariensis,AUB,-1.9293929855558396,-1.6088286120752435
A. bihariensis,AUB,12.671919357519606,0.7795589079245221
A. torrentium - SB,SB,-1.3505776361498707,-1.0453957822479216
A. torrentium - SB,SB,-2.034249724143408,1.253673510044212
A. torrentium - SB,SB,12.413726910802756,4.487749759428393
A. torrentium - SB,SB,-3.219740885539622,-2.9522284158586496
A. torrentium - SB,SB,3.6726431518070917,-3.837018571553385
A. torrentium - SB,SB,6.232725154160997,4.626511833836687
A. torrentium - SB,SB,-10.258174952356255,2.5081152974758587
A. torrentium - SB,SB,6.7616049986910145,-4.091117578880008
A. torrentium - SB,SB,-2.391621093875136,-1.5516967922282747
A. torrentium - SB,SB,-4.721329697944902,-0.9555269808915473
A. torrentium - SB,SB,-4.102457643430569,-0.7360217075205111
A. torrentium - SB,SB,7.164231024902692,-5.492651441404138
A. torrentium - SB,SB,-7.657851570062808,8.614707852468532
A. torrentium - SB,SB,-1.6411059477866925,7.679806404389561
A. torrentium - SB,SB,-1.3448898983018232,-2.0735295194508576
A. torrentium - SB,SB,-3.1448507372119,0.2631265976926159
A. torrentium - SB,SB,-1.3544048313297543,-0.12372108373184797
A. torrentium - SB,SB,1.6195048661700608,-2.262812877797829
A. torrentium - SB,SB,-7.410814497394847,2.1437383502348952
A. torrentium - SB,SB,-4.3702057913737,8.467556600352612
A. torrentium - NCD,ZPB,-6.222943584826133,-2.5393641876073985
A. torrentium - NCD,ZPB,-1.7373330887831868,-3.1593622250404505
A. torrentium - NCD,ZPB,-1.7052194913460479,-3.151380100814054
A. torrentium - NCD,ZPB,-6.389964803890257,-0.27254757641259864
A. torrentium - NCD,ZPB,-9.473756890013876,-2.9188297800193452
A. torrentium - NCD,ZPB,5.980652811699354,-8.491641204143768
A. torrentium - NCD,ZPB,-4.648693510857381,-5.963709227752192
A. torrentium - NCD,ZPB,-4.046166809469245,-1.1432662561602998
A. torrentium - NCD,ZPB,5.754875245301632,-2.3972695027184763
A. torrentium - NCD,ZPB,5.146944622609556,-4.802183992817152
A. torrentium - NCD,ZPB,4.685510986810081,-4.728997026690233
A. torrentium - NCD,ZPB,4.399531821540937,-5.644829010632947
A. torrentium - NCD,ZPB,3.443850365103835,-4.79243188928088
A. torrentium - NCD,ZPB,3.037419026988816,-7.767814065720804
A. torrentium - NCD,ZPB,-5.899335813211368,0.6134993191221952
A. torrentium - NCD,ZPB,-2.524790254648744,-5.84809754532962
A. torrentium - NCD,ZPB,-5.3634946943926725,-4.571499366100775
A. torrentium - NCD,ZV,0.5272753658009535,-2.9799919846239815
A. bihariensis,AUB,-0.7304203746014954,-2.590537627526892
A. bihariensis,AUB,-5.155310760975779,-5.54570167502488
A. bihariensis,AUB,-0.027445700727577068,-3.187968576079797
A. bihariensis,AUB,-2.714548508083976,-0.7013706975411604
A. bihariensis,AUB,-0.9104544076782707,-3.5978970526904117
A. bihariensis,AUB,1.4151151177570265,-0.17985466031782088
A. bihariensis,AUB,-0.37135342106111596,-1.6545627420308522
A. bihariensis,AUB,1.9470982689985612,-6.641164583587825
A. bihariensis,AUB,-1.4643364545884692,-2.026514493000731
A. bihariensis,AUB,2.8871581979034175,-2.7877139318999604
A. bihariensis,AUB,3.649218732673485,-0.7139102956842334
A. bihariensis,AUB,-1.151078587664508,-1.2600498259528081
A. bihariensis,AUB,2.2889767250773967,-6.17575685519536
A. bihariensis,AUB,-1.8972204514470816,-3.0254498296278807
A. bihariensis,AUB,-5.634001565631612,-2.134456635031609
A. torrentium - CSE,CSE,25.256992481339413,1.7492896029661082
A. torrentium - CSE,CSE,-2.9553287081678663,-2.5403889309162646
A. torrentium - CSE,CSE,6.571839310258133,-1.5952699028221065
A. torrentium - CSE,CSE,0.46194655119992284,-4.9005848356623805
A. torrentium - CSE,CSE,-0.21009105923041446,-4.660915679504767
A. torrentium - CSE,CSE,2.406757933481841,0.7016915888051044
A. torrentium - CSE,CSE,-1.8836133457316007,-2.213768975079071
A. torrentium - CSE,CSE,-1.2458234215286446,-3.935747109343071
A. torrentium - CSE,CSE,-6.928813469453026,2.2002082363173256
A. torrentium - CSE,CSE,-0.1284472407371478,-1.2944749513443132
A. torrentium - CSE,CSE,2.2350251533981216,0.5792341382787124
A. torrentium - CSE,CSE,4.123983645625381,0.02432472867911604
A. torrentium - CSE,CSE,4.57874082627603,0.3639334476519676
A. torrentium - CSE,CSE,2.6286298220623663,-0.6088273431873626
A. torrentium - CSE,CSE,3.7348479121741383,1.1807829762283295
A. torrentium - CSE,CSE,-1.1665999417827628,-3.201307521125463
A. torrentium - CSE,CSE,-4.930343561494037,-0.9693764540571593
A. torrentium - CSE,CSE,-7.176064236426249,-0.6108493434836417
A. torrentium - CSE,CSE,-6.453851657787404,-0.8569179084974226
A. torrentium - CSE,CSE,0.4615398950513953,-3.986548450526641
A. torrentium - CSE,CSE,-3.883372950522784,0.29870175175065194
A. torrentium - CSE,CSE,-2.588822114514751,-0.9255272496512559
A. torrentium - CSE,CSE,2.9974590106712418,-3.9268977353259302
A. torrentium - CSE,CSE,1.5927004625829821,-0.47142530506789593
A. torrentium - CSE,CSE,-3.2639091523239565,-0.8573333388396356
A. torrentium - CSE,CSE,-7.18569712556688,-1.1221502313092906
A. torrentium - CSE,CSE,-2.551474928091683,-2.122982862987773
A. torrentium - CSE,CSE,-3.3999268243565397,-2.9209468983550417
A. torrentium - CSE,CSE,-4.313500746720665,-0.7116062350514084
A. torrentium - CSE,CSE,1.4187397205155228,-0.8007379581942786
A. torrentium - CSE,CSE,-1.240356896443901,-0.18608940138367605
A. torrentium - CSE,CSE,-0.22544932920177535,-0.7550300916053823
A. torrentium - CSE,CSE,0.021969489130278165,-4.000191266884397
A. torrentium - CSE,CSE,2.101115957027654,-2.7050184445002547
A. torrentium - CSE,CSE,-1.1485392646051522,-1.5469502981440046
A. torrentium - CSE,CSE,3.520326164944063,-3.4992916557545417
A. torrentium - CSE,CSE,6.34710192785855,-0.6487675009877494
A. torrentium - CSE,CSE,1.783270576607298,-1.0175364480731832
A. torrentium - CSE,CSE,3.4501946474260428,-4.4832010662885375
A. torrentium - CSE,CSE,-2.8007679402348207,-0.29723890580530177
A. torrentium - CSE,CSE,-1.0070836928607276,0.8565747347485465
A. torrentium - CSE,CSE,1.7739472678231665,-5.377847854712324
A. torrentium - CSE,CSE,0.55896298892185,0.38635034498017073
A. torrentium - CSE,CSE,11.090288817990265,-4.012749124880591
A. torrentium - CSE,CSE,-11.28607812753867,-3.2764761691356115
A. torrentium - CSE,CSE,4.4296218702256835,-4.750073429541724
A. torrentium - CSE,CSE,-1.7880261997707039,1.2613155669275335
A. torrentium - CSE,CSE,-1.7355700642313414,-1.5104104334476227
A. torrentium - CSE,CSE,-7.498001861591443,-4.79440944743303
A. torrentium - CSE,CSE,2.5761364912370524,-5.858643210144692
A. torrentium - SB,SB,-9.74389746471876,14.878122214226153
A. torrentium - SB,SB,-9.50725008981184,16.901364647729405
A. torrentium - SB,SB,15.575889030486703,3.973140935515545
A. torrentium - SB,SB,-7.997173688408844,11.059936675306382
A. torrentium - SB,SB,-8.656643576362717,9.024049886039771
A. torrentium - SB,SB,-9.046362676716106,8.426914876917554
A. torrentium - SB,SB,-4.842736844126927,2.2607420616281804
A. torrentium - SB,SB,-15.365882755324614,3.6490443947158773
A. torrentium - SB,SB,-0.8114261837444547,6.88635591045389
A. torrentium - SB,SB,-16.569475517814695,7.234541512496317
A. torrentium - SB,SB,-7.982442145064559,3.9868430628944793
A. torrentium - SB,SB,-11.95730499399574,3.2172396586983485
A. torrentium - SB,SB,5.400889259779455,-3.1450360230123273
A. torrentium - SB,SB,-0.8493110740657904,-1.8389763903393908
A. torrentium - SB,SB,2.6660558148558624,5.58931137986024
A. torrentium - SB,SB,-4.463324482786289,0.5116273641480668
A. torrentium - SB,SB,4.838051550945976,6.840428749694854
A. torrentium - SB,SB,-4.235881178328203,-0.4087732372440937
A. torrentium - SB,SB,-3.0121507576601028,1.4634169699103925
A. torrentium - SB,SB,-4.4306621101530785,3.6846659405965814
A. torrentium - SB,SB,-9.31211700289982,4.4462248717211175
A. torrentium - SB,SB,-8.080527730057739,3.0380422366753055
A. torrentium - SB,SB,-8.837462982237138,4.738130643854232
A. torrentium - SB,SB,-4.879675438463056,5.332363066951849
A. torrentium - SB,SB,4.257298405700764,-2.5683236095330777
A. torrentium - SB,SB,4.871774386885102,6.9355530889228385
A. torrentium - SB,SB,0.045013727440345236,7.603898110693949
A. torrentium - SB,SB,6.556476446152474,9.42149918131109
A. torrentium - SB,SB,-5.4614868688380405,8.307494919423995
A. torrentium - SB,SB,-0.7587535474792384,0.7487081706439662
A. torrentium - SB,SB,-14.358290398787904,2.597097979686772
A. torrentium - SB,SB,-0.4266811358219592,2.545025166584473
A. torrentium - SB,SB,2.0640754305903712,0.41204814988399635
A. torrentium - CSE,CSE,3.5103349044317214,3.43408771266134
A. torrentium - CSE,CSE,-8.837301356630354,-1.9873462620798996
A. torrentium - SB,SB,3.263271733481618,3.563627154934662
A. torrentium - SB,SB,2.885534073790984,0.0013733222221971376
A. torrentium - SB,SB,-1.4099584420872793,2.5998269060701866
A. torrentium - SB,SB,1.7082319188133377,-1.3872908617855815
A. torrentium - SB,SB,-3.221926193312563,5.071976352411061
A. torrentium - SB,SB,2.9869074175442103,-3.807614785805338
A. torrentium - SB,SB,-5.619474330810434,5.1178534530885855
A. torrentium - SB,SB,10.957523075884074,-3.8854021162945784
A. torrentium - SB,SB,1.7010753686731754,11.797362897118749
A. torrentium - SB,SB,4.110665745975045,-0.1885659127890586
A. torrentium - SB,SB,0.31498934856602373,3.651280324036475
A. torrentium - SB,SB,9.498955147772797,6.978847945734466
A. torrentium - SB,SB,7.810071572448698,5.639581770738788
A. torrentium - SB,SB,6.094465801260876,8.178581937277928
A. torrentium - SB,SB,0.5229895884204343,2.3863982609688796
A. torrentium - SB,SB,4.389609681882169,-2.8962794580701656
A. torrentium - SB,SB,-4.467207465642338,-1.9891146925881615
A. torrentium - CSE,CSE,-6.305308005830936,-1.4273201279443708
A. torrentium - CSE,CSE,3.140638681706709,-2.7419815504973784
A. torrentium - CSE,CSE,2.9247039345471797,2.4143104457896607
A. torrentium - CSE,CSE,3.128936160253268,-2.2325454580640414
A. torrentium - CSE,CSE,-5.675053930001839,-0.16517985850623013
A. torrentium - CSE,CSE,0.8670771393928552,-2.7200489117915465
A. torrentium - CSE,CSE,-3.316356075511921,-0.8757235990304337
A. torrentium - CSE,CSE,-1.188606088636297,-0.4229783088905983
A. torrentium - CSE,CSE,-2.4603520408094712,0.9073738598017291
A. torrentium - CSE,CSE,-0.9756794138479783,-1.4469060634537736
A. torrentium - CSE,CSE,-1.7407016462797111,-0.9516389635105781
A. torrentium - CSE,CSE,-2.984080581956751,-2.9309775714320616
A. torrentium - CSE,CSE,-4.377559931347551,1.334711730473152
A. torrentium - CSE,CSE,-2.374788991680878,-0.3344389243717833
A. torrentium - CSE,CSE,-5.653289956198869,1.5211498189062094
A. torrentium - CSE,CSE,-2.2988616628754044,-0.2504168440595424
A. torrentium - CSE,CSE,-2.358081713132187,-0.21914331227958392
A. torrentium - CSE,CSE,-5.3925054599412805,-0.6692428982937093
A. torrentium - CSE,CSE,-3.790472390428007,-3.019117215106584
A. torrentium - CSE,CSE,1.4205445394259635,-3.3756085595102654
A. torrentium - CSE,CSE,0.9762563935070957,-3.6726542176659858
A. torrentium - CSE,CSE,-3.3094695971106756,-2.7590961829537393
A. torrentium - CSE,CSE,-3.5439906377895665,-2.995672949946126
A. torrentium - CSE,CSE,-3.7070345427189766,-3.555478628095768
A. torrentium - CSE,CSE,-2.7036270388927504,-3.414826059714413
A. torrentium - CSE,CSE,-2.9610154108867768,-2.9043989711385825
A. torrentium - CSE,CSE,-3.643603444387932,-2.905031468469672
A. torrentium - CSE,CSE,-1.616935027638027,-3.1203626688351807
A. torrentium - CSE,CSE,2.0556715196468978,-1.9057603124947458
A. torrentium - CSE,CSE,1.7682983078131638,-3.292437267663028
A. torrentium - CSE,CSE,-3.6317692995644517,-2.9340093120815123
A. torrentium - CSE,CSE,-0.10745526746465446,-1.81479604038868
A. torrentium - CSE,CSE,-2.486838894766695,-3.7071693825674528
A. torrentium - CSE,CSE,-2.1024981634550426,-3.4796146373776855
A. torrentium - CSE,CSE,-2.3563606973021396,-2.864324892707851
A. torrentium - CSE,CSE,1.2268329475812667,-2.697053043643576
A. torrentium - CSE,CSE,0.42919790467106395,-4.431198918578439
A. torrentium - CSE,CSE,0.7939601772514442,-2.994633250046877
A. torrentium - CSE,CSE,-0.8368995453407604,-3.302463546557644
A. torrentium - CSE,CSE,-2.210229631974639,-3.3801613650586058
A. torrentium - CSE,CSE,-0.6561950664881794,-3.4436202893707466
A. torrentium - SB,SB,3.2778321572331612,15.488661148549896
A. torrentium - CSE,CSE,12.689495999161805,-6.0936205147620575
A. torrentium - CSE,CSE,9.988336810694525,-8.08053509423329
A. torrentium - CSE,CSE,7.90811109693225,-1.7679203697150319
A. torrentium - CSE,CSE,10.208417094278206,-4.383281038177081
A. torrentium - CSE,CSE,8.42787983006264,-3.2967870569637316
A. torrentium - CSE,CSE,-1.4738039483607395,-3.5069551238759455
A. torrentium - CSE,CSE,-5.291866295005272,-2.5850937333591197
A. bihariensis,AUB,8.023598415882548,2.5883229207421463
A. torrentium - CSE,CSE,4.42117781463204,-5.175035935327344
A. torrentium - CSE,CSE,1.7790146684882397,-4.798906483282489
A. torrentium - CSE,CSE,-12.466298031101838,-1.9523341580552336
A. torrentium - SB,SB,7.561338677777157,2.3150767200947815
A. torrentium - SB,SB,-0.14961908634493637,5.2836826799878525
A. torrentium - SB,SB,5.479812110032781,4.325532525022627
A. torrentium - CSE,CSE,-10.794931735442217,2.5202477172965763
A. torrentium - SB,SB,5.302867330991406,5.256672823153238
A. torrentium - SB,SB,4.672707791845615,4.874370742272436
A. torrentium - CSE,CSE,-7.519339284521211,-0.6674822508601849
A. torrentium - CSE,CSE,2.1509034201191284,-7.2113796284628355
A. torrentium - CSE,CSE,0.08483546249344312,1.3959336102196587
A. torrentium - CSE,CSE,-2.1283639401417704,1.956247241736615
A. torrentium - CSE,CSE,-3.969764862360418,1.0424754210573366
A. torrentium - CSE,CSE,-2.652226927810745,-4.247872545038845
A. torrentium - CSE,CSE,-6.193510861015472,1.7016052690989156
A. torrentium - CSE,CSE,-2.8152995601782127,-2.416336722406521
A. torrentium - CSE,CSE,-2.2115133170501653,1.1643750364762402
A. torrentium - CSE,CSE,-6.84440440585242,-1.6443524419588977
A. torrentium - CSE,CSE,-4.419047965110609,-0.3615205961048772
A. torrentium - CSE,CSE,-7.964822328032324,2.087696706145776
A. torrentium - CSE,CSE,-5.5396993141304325,1.6211342082856366
A. torrentium - CSE,CSE,-3.086789994391271,0.6346273037108435
A. torrentium - CSE,CSE,1.0362356662058407,2.0748161378827628
A. torrentium - CSE,CSE,5.577518005511127,-7.283397484141924
A. torrentium - CSE,CSE,-5.51500675880883,1.0469257365965452
A. torrentium - CSE,CSE,-4.883981984255199,1.0238362916022696
A. torrentium - CSE,CSE,-3.181176532130392,0.4078257128921015
A. torrentium - CSE,CSE,-6.186905890770019,0.026067706844216432
A. torrentium - CSE,CSE,0.8563152609033858,1.796147500466294
A. torrentium - CSE,CSE,0.8528728525930064,0.22174035819988908
A. torrentium - CSE,CSE,2.5003141481000664,-4.9226438014545835
A. torrentium - CSE,CSE,-3.287148485413358,2.5540060614163247
A. torrentium - CSE,CSE,-0.5056583827184266,1.992668940241998
A. torrentium - CSE,CSE,-0.7066455492833903,-2.5344526635594713
A. torrentium - CSE,CSE,-4.391638610451881,1.8846151333779708
A. torrentium - SB,SB,5.538502960025988,3.7944783596316576
A. torrentium - CSE,CSE,7.649674337968614,-4.765189583754685
A. torrentium - CSE,CSE,5.876330296719336,3.057525344886623
A. torrentium - CSE,CSE,1.920881870054391,-0.30853425880625474
A. torrentium - CSE,CSE,3.629146447556155,0.5907408694131485
A. torrentium - CSE,CSE,-1.2552377780239174,6.319686459572982
A. torrentium - CSE,CSE,3.8417709774468563,0.8139335508890946
A. torrentium - SB,SB,-1.3966889927520816,5.2935488749937205
A. torrentium - CSE,CSE,-5.101889091087614,1.7536307555280346
A. torrentium - CSE,CSE,-4.980549179030286,2.5816650021992706
A. torrentium - CSE,CSE,-10.756962590215633,1.431344855593224
A. torrentium - CSE,CSE,1.8318623694322353,5.622266974635835
A. torrentium - CSE,CSE,-3.440399750036735,6.252625320260884
A. torrentium - CSE,CSE,-5.275511424123445,4.5324989289061
A. torrentium - CSE,CSE,-6.8668484224093875,5.4985876239138864
A. torrentium - CSE,CSE,5.277155684066247,8.48786421337712
A. torrentium - CSE,CSE,1.5670279386340853,9.10113405983418
A. torrentium - CSE,CSE,-7.345022772197421,4.457723908113775
A. torrentium - SB,SB,-2.659326060633979,2.1151477061971553
A. torrentium - CSE,CSE,-9.400722932296786,2.6795946669013007
A. torrentium - SB,SB,3.2219567378428082,5.090941510606612
A. torrentium - SB,SB,2.602548564154889,-4.628096213978935
A. torrentium - CSE,CSE,-8.546820666324622,7.099391661553045
A. torrentium - CSE,CSE,0.1938499246880086,4.455331043816791
A. torrentium - CSE,CSE,-6.093766571037595,7.163749390899576
A. torrentium - SB,SB,-2.4972456540263983,-0.17273047424824545
A. torrentium - SB,SB,-4.013124940995913,1.0753121833723502
A. torrentium - CSE,CSE,-0.06664534705183368,3.7791872725479045
A. torrentium - CSE,CSE,1.754625830642708,-2.0892036015427355
A. torrentium - CSE,CSE,0.2574575877284502,8.057914013182613
A. torrentium - CSE,CSE,-3.656185334474808,4.401097132780964
A. torrentium - CSE,CSE,-9.378237453710138,7.18479910652895
A. torrentium - CSE,CSE,-5.664257022821389,5.892322090610125
A. torrentium - SB,SB,7.207155668698296,6.049556000865483
A. torrentium - SB,SB,7.082967142235178,6.88040443205676
A. torrentium - SB,SB,0.7849120143472901,-4.2106675748193085
A. torrentium - SB,SB,-1.957509515491519,4.0062377965681994
A. torrentium - SB,SB,3.5637319194389114,5.647334732555458
A. torrentium - SB,SB,0.6313061149022592,4.445091984114132
A. torrentium - SB,SB,1.88394410428651,3.9547056751457657
A. torrentium - SB,SB,4.002357300623263,6.698799632430215
A. torrentium - SB,SB,2.1799477312637787,4.9459474670293675
A. torrentium - SB,SB,3.209708011087593,6.275444184389813
A. torrentium - SB,SB,-1.9721376721420023,5.988838805136652
A. torrentium - SB,SB,10.435082651042356,6.464358643308103
A. torrentium - SB,SB,1.1556450056996375,3.6808969588063336
A. torrentium - SB,SB,6.10206640673072,8.920887653173224
A. torrentium - SB,SB,4.316031483124432,8.77297410129106
A. torrentium - SB,SB,7.9801610745773965,4.393912885466402
A. torrentium - SB,SB,2.5580022525682766,10.673979164049522
A. torrentium - SB,SB,5.350868360166572,7.503767400495594
A. torrentium - SB,SB,7.792437473281507,1.9935590863445867
A. torrentium - SB,SB,5.520240957407052,8.188146411438932
A. torrentium - SB,SB,7.820298782324078,10.847979571614163
A. torrentium - SB,SB,8.55132762145697,7.950738757129561
A. torrentium - SB,SB,0.21580295790598705,9.309158766799362
A. torrentium - SB,SB,4.947688588148735,9.173007292238125
A. torrentium - SB,SB,5.983648500132725,7.137301619092323
A. torrentium - SB,SB,3.648770057247356,6.9806082722384994
A. torrentium - SB,SB,0.1628029103735357,9.558246779722815
A. torrentium - SB,SB,-1.398292248457444,10.547856111767967
A. torrentium - SB,SB,7.974119407934341,6.907433978740237
A. torrentium - SB,SB,3.1222907828805293,2.424156302851436
A. torrentium - SB,SB,-1.0697709267177211,6.071403861321258
A. torrentium - SB,SB,8.497282964820023,1.229670629991208
A. torrentium - CSE,CSE,-2.022352986615861,4.254159755049727
A. torrentium - CSE,CSE,6.348294208831471,1.3661778023605053
A. torrentium - CSE,CSE,-8.317016791789271,1.007515006599484
A. torrentium - SB,SB,3.368181661737619,6.580339615716688
A. torrentium - SB,SB,5.874328871728463,4.491119371811895
A. torrentium - SB,SB,7.597594435946905,4.6123807140595305
A. torrentium - SB,SB,5.245903554847087,2.0668960796267846
A. torrentium - SB,SB,7.897792905813404,6.7658963311663145
A. torrentium - SB,SB,-4.344333373620188,0.04801142735770418
A. torrentium - SB,SB,1.4917571566556307,7.876616736007214
A. torrentium - SB,SB,6.02601465358566,7.244229584572357
A. torrentium - SB,SB,-12.23903866613178,4.7080644283247866
A. torrentium - SB,SB,6.693364937903514,5.638452467190573
A. torrentium - CSE,CSE,-0.5154275099871234,0.9105133788160173
A. torrentium - CSE,CSE,7.325925108185858,-8.016109129326335
A. torrentium - CSE,CSE,-2.655420684972546,0.05940765591861486
A. torrentium - CSE,CSE,1.4591608140305388,0.0541077406380244
A. torrentium - CSE,CSE,-0.13939982068059303,2.8122893370086985
A. torrentium - CSE,CSE,7.801355118732947,0.7313866068312533
A. torrentium - CSE,CSE,-1.406264872659175,1.5431816130687268
A. torrentium - SB,SB,4.858761708899253,5.358424032779671
A. torrentium - SB,SB,0.7098998404760976,3.2094202152859386
A. torrentium - SB,SB,-2.4262037018870353,3.963261856935442
A. torrentium - SB,SB,-3.030066337786342,3.849332277537675
A. torrentium - SB,SB,3.914474176467938,7.572489678004951
A. torrentium - SB,SB,12.470418916246524,11.740722023869173
A. torrentium - SB,SB,5.4507432300535,5.535504578152947
A. torrentium - SB,SB,6.468514667285281,8.887255881826484
A. torrentium - SB,SB,8.227040683713026,10.87037833741654
A. torrentium - SB,SB,6.528692489701466,-1.678254911860988
A. torrentium - SB,SB,11.97559164023809,8.396058105790695
A. torrentium - SB,SB,11.403772500065468,7.926827828110602
A. torrentium - SB,SB,9.916193780379905,5.906374531332817
A. torrentium - SB,SB,8.648606723974453,10.688264169471502
A. torrentium - SB,SB,10.404618626426625,6.729454929248598
A. torrentium - SB,SB,12.485457377565355,-4.818680115136855
A. torrentium - SB,SB,6.2326065625920535,6.498177527089526
A. torrentium - SB,SB,13.843720726582278,7.2389339754507445
A. torrentium - CSE,CSE,-7.637752789665572,-2.339834859611794
A. torrentium - CSE,CSE,2.7489175232476684,2.6320544859962896
A. torrentium - CSE,CSE,-8.595754529081617,8.130944294691695
A. torrentium - SB,SB,9.324409577728256,12.05285441608849
A. torrentium - SB,SB,2.1144688504426883,8.61747052330446
A. torrentium - SB,SB,-14.526832930174471,10.66704506731796
A. torrentium - SB,SB,3.58753258619528,9.357095238790716
A. torrentium - SB,SB,2.000245572198227,13.724969966184503
A. torrentium - SB,SB,4.457603558697244,6.88890924225451
A. torrentium - SB,SB,6.772861910535367,-0.26121375055222584
A. torrentium - SB,SB,-5.081501538211174,11.43659459967251
A. torrentium - SB,SB,0.4008889757447644,12.721142770873028
A. torrentium - SB,SB,-11.16259959755685,9.331763018871806
A. torrentium - SB,SB,7.909334861376285,6.597876874919731
A. torrentium - SB,SB,-0.29191842681689784,7.6190964268668235
A. torrentium - SB,SB,3.7778623927493236,-2.960158020578479
A. torrentium - SB,SB,-1.3670166845480867,6.04392400112619
A. torrentium - SB,SB,-3.1774760295645925,5.053348891937795
A. torrentium - SB,SB,-9.651316949874616,1.6345429418247837
A. torrentium - SB,SB,0.555301524645433,7.016935959583864
A. torrentium - SB,SB,-14.208856145128482,2.4188063673038225
A. torrentium - CSE,CSE,1.085437187788611,3.3285723679632317
A. torrentium - SB,SB,-12.026681008707092,2.73700483859497
A. torrentium - CSE,CSE,-6.578845592165785,-1.1069472031360046
A. torrentium - SB,SB,2.1909148266585645,6.6157154056566405
A. torrentium - CSE,CSE,-3.9410496608689485,-1.549385722069067
A. torrentium - CSE,CSE,1.8228272780833907,-5.4461949905622005
A. torrentium - SB,SB,7.847402556475644,-2.3181584882399733
A. torrentium - SB,SB,5.410905959164853,4.740926907569962
A. torrentium - CSE,CSE,-6.822952793167951,4.845893231626617
A. torrentium - SB,SB,6.016889421785659,-9.115777898656006
A. torrentium - SB,SB,7.037851363516711,6.33152496001206
A. torrentium - SB,SB,-5.482667206279012,11.33761281317765
A. torrentium - SB,SB,-0.9921751502828032,3.3865979088687985
A. torrentium - SB,SB,20.446224343040736,5.7742298068812925
A. torrentium - SB,SB,-1.5676094941300074,8.978198982737915
A. torrentium - SB,SB,6.093625192555503,-4.552636719486347
A. torrentium - SB,SB,1.0084439914043952,-0.545140704413444
A. torrentium - CSE,CSE,10.29972533842456,-3.625388661788038
A. torrentium - SB,SB,1.6373012988893745,6.583681503412807
A. torrentium - SB,SB,12.225614386893813,-0.6543913399620919
A. torrentium - CSE,CSE,-11.067218468121256,-2.277108264692117
A. torrentium - SB,SB,1.9766129963031214,-2.565616770125302
A. torrentium - CSE,CSE,1.3278574484676626,2.5616924000042296
A. torrentium - CSE,CSE,-9.138350812294217,1.137811732563466
A. torrentium - CSE,CSE,-7.182141199958779,7.9775681867549295
A. torrentium - CSE,CSE,-7.182418979879494,5.64634792517496
A. torrentium - SB,SB,3.498905331289493,0.27957296507936635
A. torrentium - SB,SB,1.8601368642926899,-0.9014731933893965
A. torrentium - CSE,CSE,1.933541608783499,4.999857983402538
A. torrentium - SB,SB,9.859031208649869,12.49556555753362
A. torrentium - SB,SB,4.718545353236403,8.88441725733279
A. torrentium - SB,SB,4.220769496656184,-2.8218418586961524
A. torrentium - CSE,CSE,-2.320079244495024,4.293199351394506
A. torrentium - CSE,CSE,-7.056593687002594,2.2534078904908212
A. torrentium - SB,SB,2.192357629463582,8.008992803495586
A. torrentium - SB,SB,5.968327094614445,9.47414983022885
A. torrentium - SB,SB,-2.843434360097636,0.9144570239232953
A. torrentium - SB,SB,-4.852155331602264,7.936961159309682
A. torrentium - SB,SB,-6.5081157643943595,9.913395632220798
A. torrentium - CSE,CSE,-15.031531969625512,-0.6636321596206244
A. torrentium - CSE,CSE,-3.7550640104029656,-2.331375989696264
A. bihariensis,AUB,-0.12295825133586487,10.684140104330778
A. bihariensis,AUB,-0.8428534174659562,-2.574348660338866
A. bihariensis,AUB,4.356503596469821,2.6133455381307917
A. torrentium - SB,SB,-0.9323373300339795,0.16235238504534738
A. torrentium - SB,SB,-7.01404138154966,-1.8488082845031795
A. torrentium - SB,SB,6.846945741414632,-6.94942369989232
A. torrentium - SB,SB,-7.1593210888166805,-1.7515554349241933
A. torrentium - SB,SB,-13.698752137466894,6.23341790943674
A. torrentium - SB,SB,9.225928235705265,5.122274153036621
A. torrentium - SB,SB,-12.64829535881612,0.3967199334535818
A. torrentium - SB,SB,-7.398245763421979,-2.4093263717387234
A. torrentium - SB,SB,-7.700702011415172,1.9227223767656352
A. torrentium - CSE,CSE,-3.9105990203462113,-3.024100849051141
A. torrentium - SB,SB,1.8992709621410278,-1.6923626916564407
A. torrentium - SB,SB,4.860338109536611,-4.354001367954373
A. torrentium - SB,SB,5.378020623991552,-4.555659614895771
A. torrentium - SB,SB,10.591008772356037,-5.596530278923975
A. torrentium - SB,SB,7.100927360872489,6.719280128109218
A. torrentium - SB,SB,-1.8673854779755996,2.0495810674728303
A. torrentium - SB,SB,-6.203218190263765,-1.3296173594954963
A. torrentium - SB,SB,2.322194158482042,-3.0406961371761376
A. torrentium - SB,SB,-4.0921652240844955,-1.2161123795798048
A. torrentium - SB,SB,-10.253714970431107,1.5589629635322686
A. torrentium - CSE,CSE,-12.53881092898634,1.6639260075109126
A. torrentium - SB,SB,2.018696677295104,-0.8495799692975993
A. torrentium - SB,SB,-0.4594589108161094,-0.9393363216392216
A. torrentium - SB,SB,1.2560179325296954,-0.49874228683875993
A. torrentium - SB,SB,3.0786136702997053,-7.043380047554948
A. torrentium - CSE,CSE,2.182940049475714,-0.8761459070199064
A. torrentium - SB,SB,6.67205412342382,-7.372706544612875
A. torrentium - SB,SB,-2.7781371548867866,-1.084270067903299
A. torrentium - SB,SB,-2.921441350405862,-3.2143260260898754
A. torrentium - SB,SB,-8.837301356630354,-1.9873462620798996
A. torrentium - NCD,LD,2.0640754305903712,0.41204814988399635
A. torrentium - CSE,CSE,11.446679510519177,-6.945194562824516
A. torrentium - CSE,CSE,-12.03094119032428,4.9723905951927
A. torrentium - SB,SB,-5.243770720240723,1.1356155067682931
A. torrentium - SB,SB,-6.316699947665918,2.182012574145384
A. torrentium - CSE,CSE,1.545961310416861,-2.8810259026713503
A. torrentium - CSE,CSE,-0.19378684177913297,-3.51439924742295
A. torrentium - CSE,CSE,4.321543544930864,-3.188405780283869
A. torrentium - CSE,CSE,-3.7074069976458035,-1.6718472779558926
A. torrentium - CSE,CSE,2.596360385341502,-5.509727895090459
A. torrentium - CSE,CSE,-3.8513978802358437,-1.2251756460993062
A. torrentium - CSE,CSE,-4.164173757552209,-1.0241121766340526
A. torrentium - CSE,CSE,-5.631798333786434,-0.36455198718681686
A. torrentium - CSE,CSE,-0.5982748155058853,-2.8553945167416668
A. torrentium - CSE,CSE,-5.797243691591867,-2.6698711149831555
A. bihariensis,AUB,0.8540937078447866,0.8794258856901345
A. torrentium - CSE,CSE,-1.860668199642523,-5.516338915755578
A. torrentium - CSE,CSE,-3.0213689928841516,-2.446535408864105
A. torrentium - CSE,CSE,-1.708803503229265,-4.346370309938379
A. torrentium - CSE,CSE,-2.216469083122465,-2.3662178231541846
A. torrentium - CSE,CSE,8.381395715570271,-4.694538714014453
A. torrentium - CSE,CSE,6.739152198837768,-4.011313596590088
A. torrentium - CSE,CSE,8.424909145801601,3.7995465459296036
A. torrentium - CSE,CSE,7.57730434312081,-2.951149980486181
A. torrentium - CSE,CSE,-1.621204967273154,-3.3936143144406272
A. torrentium - CSE,CSE,-2.6270807188550096,-2.8933354902526234
A. torrentium - CSE,CSE,-0.7497641929104422,-5.7339639628718
A. torrentium - CSE,CSE,-6.287455816052457,-2.6879504693297847
A. torrentium - CSE,CSE,4.921912605262456,2.1757265915526203
A. torrentium - CSE,CSE,-10.512762640167818,-0.777519669757956
A. torrentium - CSE,CSE,-2.3759307819782904,-4.819398980314483
A. torrentium - CSE,CSE,-6.638696938431364,-2.857383884751359
A. torrentium - CSE,CSE,-4.760014927462422,-3.48399547219161
A. torrentium - CSE,CSE,-4.187408719476239,-2.5062635168338856
A. torrentium - CSE,CSE,0.8957571273964045,-6.396996788400272
A. torrentium - CSE,CSE,0.8716888387801037,-4.1712744282790455
A. torrentium - CSE,CSE,3.9189136538325386,-6.273110411368067
A. torrentium - CSE,CSE,-1.1889426995044865,-5.791268575752706
A. torrentium - CSE,CSE,-2.7584341499523215,-3.891641571677091
A. torrentium - CSE,CSE,-3.7233178934369073,-3.6633663500886184
A. torrentium - CSE,CSE,-5.850930213651365,-3.880165004636832
A. torrentium - CSE,CSE,-11.740238683647682,-3.1148486447093635
A. torrentium - CSE,CSE,-6.477147041658634,-1.6020513108939876
A. torrentium - CSE,CSE,2.3889437133943527,-6.322057545934461
A. torrentium - CSE,CSE,-1.9329868916607058,-4.150530599323448
A. torrentium - CSE,CSE,4.547878249842898,-3.1802080431787756
A. torrentium - CSE,CSE,-8.386578315073525,-2.734517321170014
A. torrentium - CSE,CSE,-3.3004436786459843,-3.0959923191067027
A. torrentium - CSE,CSE,-0.6878980401097798,-4.857034247921402
A. torrentium - CSE,CSE,-1.2803442444774351,-5.861561866245396
A. torrentium - CSE,CSE,-2.0538194103986616,-5.732972120588426
A. torrentium - CSE,CSE,-0.3326974982401595,-6.021053816727703
A. torrentium - CSE,CSE,-1.9461909209764947,-4.557860389161196
A. torrentium - CSE,CSE,-2.4993572679286147,-4.43457732198771
A. torrentium - CSE,CSE,-0.9637521923134262,-2.6021821223281116
A. torrentium - CSE,CSE,-2.901254200139016,-2.2491640854338044
A. torrentium - CSE,CSE,5.292922571708065,-9.438377545084679
A. torrentium - CSE,CSE,-0.16076382140494672,-2.7169633306614394
A. torrentium - CSE,CSE,-1.8093162852696452,-3.9223833348170127
A. torrentium - CSE,CSE,3.588581840929153,-1.5251555549080191
A. torrentium - CSE,CSE,2.794503695621177,-4.542853493357928
A. torrentium - CSE,CSE,1.7168828066058779,-3.7535087529954327
A. torrentium - CSE,CSE,1.165139416357596,-2.770818955413335
A. torrentium - CSE,CSE,-0.08166629318839423,-5.276534810042008
A. torrentium - CSE,CSE,9.652795264812168,-6.442711955328046
A. torrentium - CSE,CSE,6.012431693121102,-6.069000197926436
A. torrentium - CSE,CSE,15.847754903831227,0.33172934555250044
A. torrentium - CSE,CSE,0.9631348628930543,-5.343282273526456
A. torrentium - CSE,CSE,4.113709239212859,-3.8307575537325387
A. torrentium - CSE,CSE,2.8080838349892967,-4.894078048573182
A. torrentium - CSE,CSE,0.21601475775519063,-4.417421007200811
A. torrentium - CSE,CSE,1.3028714998088733,-6.448735527432569
A. torrentium - CSE,CSE,0.018006567270583404,-4.041617045671987
A. torrentium - CSE,CSE,-0.7487140583178713,-1.528168165282995
A. torrentium - CSE,CSE,3.006015720192436,-6.453025439957988
A. torrentium - CSE,CSE,0.33760509015536644,-4.363827077511198
A. torrentium - CSE,CSE,2.4256275889470387,-4.669890208500785
A. torrentium - CSE,CSE,-6.160458096865426,-3.0406862770865617
A. torrentium - CSE,CSE,0.0156321997351545,-6.715544925714689
A. torrentium - CSE,CSE,1.1272635197005203,-6.275649910221221
A. torrentium - CSE,CSE,-3.6196152626720695,-3.243263142261816
A. torrentium - CSE,CSE,-2.0448246189884616,-4.513529933190007
A. torrentium - CSE,CSE,0.5579763609370896,-5.028953322065788
A. torrentium - CSE,CSE,-4.637575531499162,-2.882312836926835
A. torrentium - CSE,CSE,18.468408452724336,0.6733477073634258
A. torrentium - NCD,GK,7.862519492054461,0.05128403443163838
A. torrentium - SB,SB,5.474533975980816,7.745648359625597
A. torrentium - SB,SB,13.009460123256442,6.411424373171925
A. torrentium - CSE,CSE,20.247079409113827,6.1788721726853915
A. torrentium - CSE,CSE,6.493619153581042,3.7229803000117077
A. torrentium - CSE,CSE,-4.06900734108911,2.6743895021770614
A. torrentium - CSE,CSE,8.65969958892559,5.385323774159188
A. torrentium - CSE,CSE,-5.864708522504107,2.5284456028311615
A. torrentium - CSE,CSE,-6.864226757817521,5.018055359372566
A. torrentium - CSE,CSE,-9.412330727397684,5.3250216417569485
A. torrentium - CSE,CSE,-14.719314843420328,4.305935716985508
A. torrentium - CSE,CSE,-3.331121688666479,-2.342582724772678
A. torrentium - CSE,CSE,2.8524351708475346,-3.0533189690598648
A. torrentium - CSE,CSE,-0.8415453498658603,4.4052691848215995
A. torrentium - SB,SB,-16.22165947232781,-1.4797870758536853
A. torrentium - CSE,CSE,1.0635886440773779,-2.3290406888617277
A. torrentium - CSE,CSE,7.258731985863711,-6.617473203432215
A. torrentium - CSE,CSE,2.8648572906053307,3.9651787883344194
A. torrentium - CSE,CSE,-1.4652165031715476,-0.05851816968950151
A. torrentium - CSE,CSE,7.162254228185282,-6.447919838327255
A. torrentium - CSE,CSE,-8.248559168773635,-0.9167415798356301
A. torrentium - CSE,CSE,1.2936393765728962,-0.0064497924964523065
A. torrentium - NCD,BAN,-2.9210838208462713,-3.493241125272393
A. torrentium - CSE,CSE,7.196147499010619,-5.704385542263641
A. torrentium - CSE,CSE,-3.6936358635183812,-2.1991287911155295
A. torrentium - CSE,CSE,-4.458083631418224,-1.928801704398236
A. torrentium - NCD,ZPB,1.3038688855237512,-3.5283697237170264
A. torrentium - NCD,ZPB,-0.15749820934688438,-4.0496928297789285
A. torrentium - NCD,LD,-0.2893047927302939,-3.3447521599099153
A. torrentium - CSE,CSE,-0.832699088505367,-3.7610331851679395
A. torrentium - CSE,CSE,2.3816469349067675,-3.2106622454384497
A. torrentium - CSE,CSE,-5.705428752736573,-2.605494479034023
A. torrentium - CSE,CSE,2.1888718199724537,-3.6430830157762686
A. torrentium - CSE,CSE,4.685510986810081,-4.728997026690233
A. torrentium - CSE,CSE,5.146944622609556,-4.802183992817152
A. torrentium - CSE,CSE,5.967429506297311,-5.5859110655008095
A. torrentium - CSE,CSE,-11.0912958914316,-1.1506408387571805
A. torrentium - CSE,CSE,-7.0779437626902615,-1.2252805186265288
A. torrentium - CSE,CSE,0.4315477520658269,-4.642896056295796
A. torrentium - CSE,CSE,-3.3903678113157474,-3.6960318640964602
A. torrentium - NCD,GK,-4.143947916801714,-1.2373015889663994
A. torrentium - CSE,CSE,2.766395650943651,-5.952044329108081
A. torrentium - CSE,CSE,-10.266104672519464,-3.441739184755796
A. torrentium - CSE,CSE,-3.4871403485569186,-4.472617372995501
A. torrentium - NCD,BAN,-6.531778491377432,-2.5583102031189258
A. torrentium - CSE,CSE,-5.242056937735567,-3.476667637654959
A. torrentium - CSE,CSE,-0.36067334391383543,-6.725143603782192
A. torrentium - CSE,CSE,4.399531821540937,-5.644829010632947
A. torrentium - CSE,CSE,4.760150652450165,-6.480923067796539
A. torrentium - CSE,CSE,2.3297002830692755,-5.6205855855956495
A. torrentium - CSE,CSE,-8.162771664655079,-1.715239751493877
A. torrentium - CSE,CSE,-3.397372026402919,-5.019333609788986
A. torrentium - CSE,CSE,-5.296663501439632,-4.417815140988599
A. torrentium - CSE,CSE,-7.440115335126599,-6.3713069384180905
A. torrentium - CSE,CSE,-0.09157903282343759,-4.166192426744216
A. torrentium - CSE,CSE,1.4281591220477317,-6.3518422882258925
A. torrentium - CSE,CSE,-12.431139603957336,2.004016748917609
A. torrentium - NCD,LD,-7.161636353795049,0.3600987913993721
A. torrentium - NCD,LD,-1.6518574197635414,-2.347536696396447
A. torrentium - CSE,CSE,3.2498148098889565,-3.604666578952937
A. bihariensis,AUB,-7.0702721203948435,-0.2711285480669359
A. torrentium - CSE,CSE,8.263375419310362,-0.957234281239142
A. torrentium - CSE,CSE,6.461357376080566,3.879687695029017
A. bihariensis,AUB,-7.198790488994292,4.346632644296745
A. torrentium - NCD,BAN,-9.613134728129305,-2.3309879090092784
A. torrentium - CSE,CSE,-9.613134728129305,-2.3309879090092784
A. torrentium - CSE,CSE,-7.406657954198498,-1.531589043163315
A. torrentium - CSE,CSE,-7.7424277740811185,-4.894486127182617
A. torrentium - CSE,CSE,-8.69557494307851,-2.4153740238596613
A. torrentium - CSE,CSE,1.2248599394737203,-7.460596718478618
A. torrentium - CSE,CSE,-10.551831433748914,-4.211469603432019
A. torrentium - CSE,CSE,-10.381081476777887,-3.632573214082401
A. torrentium - CSE,CSE,-5.971000809542246,8.181168508703914
A. torrentium - NCD,VOJ,-11.468259278238692,13.325188009303588
A. torrentium - NCD,VOJ,-16.96392664719224,5.247775640059029
A. torrentium - SB,SB,-3.041962842365333,-0.9370543962302867
A. torrentium - SB,SB,6.676555914437766,4.235347672144008
A. torrentium - SB,SB,6.022819562392335,5.1432192319387084
A. torrentium - SB,SB,18.928159949855747,-0.21563068412799413
A. torrentium - SB,SB,6.962208590482984,5.121061724454337
A. torrentium - SB,SB,-1.8688715965016431,6.932290387674665
A. torrentium - SB,SB,4.462699356604632,6.436899814019884
A. torrentium - SB,SB,-1.920896499779559,6.12056618886848
A. torrentium - SB,SB,6.682088373870077,10.535776146193939
A. torrentium - SB,SB,2.8985724705105618,7.012515737982421
A. torrentium - SB,SB,0.7930953983081718,3.624114660227077
A. torrentium - SB,SB,8.57124302479053,0.8703947235433146
A. torrentium - CSE,CSE,-3.6173216467717695,2.794619948190415
A. torrentium - CSE,CSE,-4.528924503188966,0.5218598132664346
A. torrentium - CSE,CSE,0.1582030657166251,-4.087754790997722
A. torrentium - CSE,CSE,-4.641380356310729,-4.672070820839602
A. torrentium - CSE,CSE,6.162219101949071,-4.651285671533647
A. bihariensis,AUB,8.602275569038849,-3.2423179052474422
A. bihariensis,AUB,9.043723904417543,0.44398773813809583
