variable,importance,rank,cumulative
l_CLI5,0.03558404476917345,1,0.03558404476917345
l_TOP109,0.030462518237868868,2,0.06604656300704231
l_CLI29,0.02960312048554915,3,0.09564968349259147
l_CLI69,0.02740228954469236,4,0.12305197303728382
l_CLI30,0.026876280924284728,5,0.14992825396156856
l_TOP102,0.025099612224560468,6,0.17502786618612903
l_CLI49,0.023999655414403128,7,0.19902752160053216
l_CLI9,0.021260766346388644,8,0.22028828794692082
l_CLI21,0.019773385305702804,9,0.24006167325262362
l_CLI41,0.019556979439584527,10,0.25961865269220813
l_CLI13,0.019517163694366617,11,0.27913581638657475
l_CLI34,0.01920665828047087,12,0.2983424746670456
l_CLI45,0.018571238971379352,13,0.31691371363842497
l_CLI53,0.018010905363937905,14,0.33492461900236287
l_CLI73,0.017453056128486123,15,0.352377675130849
l_CLI33,0.0172410543877759,16,0.3696187295186249
u_CLI7,0.014668132719878912,17,0.38428686223850383
u_TOP114,0.011448115647321972,18,0.3957349778858258
l_CLI25,0.011152059554555808,19,0.40688703744038157
u_CLI51,0.010269137958510751,20,0.4171561753988923
u_CLI23,0.010091659045921318,21,0.4272478344448136
l_SOL59,0.010077190396660267,22,0.4373250248414739
u_CLI71,0.009900406552480477,23,0.4472254313939544
u_CLI31,0.009647353997991328,24,0.4568727853919457
u_CLI11,0.009350361894948022,25,0.46622314728689374
l_SOL23,0.009339382261172535,26,0.47556252954806627
l_SOL11,0.009017064429439416,27,0.48457959397750566
l_TOP101,0.008875347305748169,28,0.49345494128325385
u_TOP31,0.008164811358366782,29,0.5016197526416206
u_CLI43,0.008044958327913904,30,0.5096647109695345
u_CLI35,0.007905870405402214,31,0.5175705813749367
l_SOL9,0.00785431503934371,32,0.5254248964142805
l_SOL57,0.007786905974622691,33,0.5332118023889032
l_SOL21,0.007784214404629531,34,0.5409960167935327
l_SOL58,0.007560619900415,35,0.5485566366939477
u_CLI15,0.007556029486610061,36,0.5561126661805578
l_SOL3,0.007439728982399094,37,0.5635523951629569
l_CLI57,0.007226751726305788,38,0.5707791468892627
l_SOL7,0.007101542154753421,39,0.5778806890440161
l_SOL10,0.006812532521564953,40,0.5846932215655811
l_TOP53,0.006806843351849989,41,0.5915000649174311
l_CLI18,0.006605139594999894,42,0.598105204512431
l_TOP116,0.006339945071620569,43,0.6044451495840516
l_TOP115,0.006128568080207442,44,0.610573717664259
l_CLI17,0.006097555624613859,45,0.616671273288873
l_SOL15,0.006029618834974561,46,0.6227008921238475
u_CLI27,0.005924048836992586,47,0.6286249409608401
l_TOP54,0.005858077060732171,48,0.6344830180215723
l_TOP121,0.005844925013839646,49,0.6403279430354119
u_SOL7,0.005818476121568937,50,0.6461464191569808
l_SOL22,0.005791820256328904,51,0.6519382394133096
u_TOP55,0.0056323336571516645,52,0.6575705730704613
l_CLI2,0.005560686536424315,53,0.6631312596068856
u_SOL31,0.005351387705342172,54,0.6684826473122277
u_SOL11,0.005222383472257461,55,0.6737050307844852
u_TOP122,0.00512007712475124,56,0.6788251079092364
u_SOL23,0.005007968581390272,57,0.6838330764906267
l_TOP107,0.004993564754448535,58,0.6888266412450753
l_SOL6,0.004686080895635944,59,0.6935127221407112
l_SOL31,0.004615197128270608,60,0.6981279192689819
u_CLI59,0.004594361607951304,61,0.7027222808769332
l_SOL14,0.004510490759451411,62,0.7072327716363846
l_CLI1,0.004435873836041936,63,0.7116686454724266
u_CLI67,0.004351010492925226,64,0.7160196559653518
l_SOL30,0.004345957244498012,65,0.7203656132098498
u_SOL59,0.0038692511136040313,66,0.7242348643234539
l_SOL1,0.003854615517107236,67,0.728089479840561
u_CLI75,0.0038423221499489352,68,0.73193180199051
l_TOP97,0.003812697210593598,69,0.7357444992011036
u_CLI47,0.0037404682328565143,70,0.7394849674339602
l_SOL5,0.003654217771632621,71,0.7431391852055929
l_TOP93,0.003636908882457683,72,0.7467760940880506
l_SOL13,0.003555714188386248,73,0.7503318082764369
u_CLI55,0.0031917292054508017,74,0.7535235374818877
l_SOL19,0.0030960938553552656,75,0.756619631337243
l_SOL26,0.0030144366490630434,76,0.7596340679863061
l_SOL41,0.0029154996764613078,77,0.7625495676627674
l_SOL27,0.0027797747163614567,78,0.7653293423791289
l_SOL39,0.0026437304442182914,79,0.7679730728233471
l_SOL2,0.002623033281802285,80,0.7705961061051494
l_SOL42,0.0026124512464587597,81,0.7732085573516082
u_SOL3,0.0023883683043890744,82,0.7755969256559972
l_SOL29,0.002340523052984863,83,0.7779374487089821
l_TOP129,0.002298710227057233,84,0.7802361589360393
u_SOL15,0.002281853113597642,85,0.7825180120496369
u_SOL47,0.0022076317425295993,86,0.7847256437921665
u_CLI3,0.002155763944499341,87,0.7868814077366658
u_SOL19,0.002131506915890684,88,0.7890129146525565
l_TOP46,0.002094167633510036,89,0.7911070822860665
l_TOP23,0.001993618520795368,90,0.7931007008068619
u_SOL43,0.001988218310059593,91,0.7950889191169215
l_TOP139,0.001979342859415697,92,0.7970682619763372
l_TOP135,0.0019789175954288744,93,0.7990471795717661
l_SOL40,0.0019599370588483387,94,0.8010071166306144
l_TOP124,0.0019384716953207918,95,0.8029455883259352
l_TOP140,0.001929406982069784,96,0.804874995308005
l_SOL25,0.0019008269472653408,97,0.8067758222552703
l_TOP130,0.0018773723109657301,98,0.8086531945662361
u_CLI19,0.0018769866448481078,99,0.8105301812110842
l_TOP6,0.0018755587518268116,100,0.812405739962911
l_SOL47,0.0018657689852758295,101,0.8142715089481868
l_TOP3,0.0018603026508601998,102,0.816131811599047
l_TOP137,0.0018561961971331781,103,0.8179880077961802
l_TOP20,0.0018561707792121335,104,0.8198441785753924
l_TOP125,0.0018211954198664045,105,0.8216653739952587
l_TOP48,0.001818370496164556,106,0.8234837444914233
l_SOL18,0.0017778584934446237,107,0.8252616029848678
l_SOL35,0.0017729433110497679,108,0.8270345462959175
l_TOP112,0.0017720818445224023,109,0.8288066281404399
l_TOP38,0.0017454169419024695,110,0.8305520450823424
l_TOP138,0.0017122902166604198,111,0.8322643352990028
u_LAC6,0.001698824616109578,112,0.8339631599151124
u_TOP3,0.0016955428835750313,113,0.8356587027986874
l_SOL60,0.0016526052581984263,114,0.8373113080568858
l_SOL16,0.0016480178523117733,115,0.8389593259091975
l_TOP47,0.0016418135587864316,116,0.840601139467984
l_TOP65,0.0016390998350593803,117,0.8422402393030434
l_SOL17,0.0016357896921197165,118,0.8438760289951631
l_SOL12,0.0016314533703882302,119,0.8455074823655514
l_TOP68,0.001617209704130793,120,0.8471246920696822
l_TOP143,0.0016121951554021277,121,0.8487368872250843
l_TOP18,0.0015957369819838627,122,0.8503326242070682
l_TOP7,0.0015837741955409333,123,0.8519163984026091
l_TOP32,0.0015757341364301374,124,0.8534921325390392
l_TOP126,0.001568886344712154,125,0.8550610188837514
l_SOL32,0.0015510638781311636,126,0.8566120827618826
l_TOP110,0.0015479300967527025,127,0.8581600128586353
l_TOP103,0.001532141293165834,128,0.8596921541518011
u_TOP47,0.001525205507826369,129,0.8612173596596275
u_TOP103,0.0015225839899634822,130,0.8627399436495911
l_TOP27,0.0015197921536596343,131,0.8642597358032507
l_SOL37,0.0015193171102032023,132,0.8657790529134539
l_TOP26,0.0015102799685536464,133,0.8672893328820076
l_TOP128,0.0015101368171930498,134,0.8687994696992006
u_LAC11,0.0015101334913040362,135,0.8703096031905047
u_SOL55,0.0015087561767101578,136,0.8718183593672149
l_TOP134,0.001507146130682019,137,0.8733255054978969
l_TOP113,0.001490241601296661,138,0.8748157470991935
l_TOP92,0.0014869562895833209,139,0.8763027033887768
l_TOP8,0.0014801966769889755,140,0.8777829000657658
l_SOL28,0.0014693116209543785,141,0.8792522116867202
l_TOP19,0.001462393862922861,142,0.8807146055496431
l_TOP39,0.001450513082193097,143,0.8821651186318362
l_TOP123,0.0014437869893964685,144,0.8836089056212327
l_SOL8,0.0014390491928629923,145,0.8850479548140957
u_SOL35,0.0014304043307302053,146,0.8864783591448259
l_TOP131,0.0014272294507949965,147,0.8879055885956209
l_TOP141,0.0014212391992618806,148,0.8893268277948827
u_TOP117,0.001418182701179465,149,0.8907450104960621
l_TOP12,0.0013964467148197914,150,0.8921414572108819
l_TOP44,0.001391547515936101,151,0.893533004726818
l_TOP11,0.0013885484708523336,152,0.8949215531976703
l_TOP144,0.0013860938367506346,153,0.8963076470344209
l_SOL38,0.0013821620288848916,154,0.8976898090633058
l_TOP4,0.0013791323197533867,155,0.8990689413830592
l_TOP43,0.0013754086415322096,156,0.9004443500245913
l_TOP132,0.0013743935705647517,157,0.9018187435951561
u_TOP11,0.0013610652944235913,158,0.9031798088895797
l_TOP66,0.0013443721003893745,159,0.9045241809899691
l_TOP142,0.0013358244837988998,160,0.905860005473768
l_SOL24,0.001315643842279332,161,0.9071756493160473
l_TOP67,0.0013151586827837216,162,0.9084908079988311
l_TOP117,0.001290959624137508,163,0.9097817676229686
u_TOP39,0.001280055422441019,164,0.9110618230454096
l_CLI24,0.0012767388948522309,165,0.9123385619402619
u_TOP143,0.001275282188005397,166,0.9136138441282673
l_TOP1,0.0012746764410080462,167,0.9148885205692754
l_TOP28,0.0012724051057107708,168,0.9161609256749862
l_SOL36,0.001265618665731508,169,0.9174265443407177
u_SOL27,0.0012603500190145726,170,0.9186868943597323
u_LAC10,0.0012512690397595196,171,0.9199381633994917
l_SOL44,0.001248742149375966,172,0.9211869055488677
u_TOP51,0.001247653512475503,173,0.9224345590613432
l_TOP2,0.0012461573711400043,174,0.9236807164324832
l_TOP40,0.0012459353758391513,175,0.9249266518083223
u_TOP126,0.0012431216737303836,176,0.9261697734820528
l_TOP61,0.0012415755087456478,177,0.9274113489907984
l_TOP10,0.0012402631974282115,178,0.9286516121882266
u_TOP19,0.001234200028291657,179,0.9298858122165182
l_TOP127,0.001225879440189701,180,0.9311116916567079
u_SOL39,0.0012258741176377165,181,0.9323375657743457
u_TOP43,0.0012122286617248885,182,0.9335497944360706
l_TOP59,0.001191326849941185,183,0.9347411212860117
l_CLI16,0.0011886999700273975,184,0.9359298212560391
u_TOP95,0.0011875378140479601,185,0.9371173590700871
l_CLI72,0.0011848338196352966,186,0.9383021928897224
u_TOP59,0.0011684646545629684,187,0.9394706575442854
l_TOP42,0.0011642105311312622,188,0.9406348680754166
l_TOP119,0.001163526905448665,189,0.9417983949808653
u_TOP27,0.0011490182912821311,190,0.9429474132721474
u_TOP139,0.0011460770641667703,191,0.9440934903363142
u_TOP119,0.0011435530345215903,192,0.9452370433708358
l_TOP50,0.001140729407005715,193,0.9463777727778415
l_SOL20,0.001136822045689312,194,0.9475145948235308
l_TOP91,0.001126014039554851,195,0.9486406088630857
u_TOP67,0.0011235549788613695,196,0.9497641638419471
l_TOP74,0.0011187955450209922,197,0.9508829593869681
u_LAC4,0.0011145634819449874,198,0.951997522868913
l_TOP90,0.0011012167388641534,199,0.9530987396077772
l_TOP79,0.001095376320754007,200,0.9541941159285312
l_TOP76,0.0010918686176454265,201,0.9552859845461766
l_TOP104,0.0010887986373184107,202,0.956374783183495
l_CLI56,0.0010865464986529291,203,0.9574613296821479
u_TOP112,0.0010814914539876578,204,0.9585428211361355
l_TOP16,0.0010800879961260568,205,0.9596229091322616
u_TOP110,0.0010741478622342678,206,0.9606970569944958
u_TOP135,0.0010687185001445742,207,0.9617657754946404
u_TOP15,0.0010648327804162697,208,0.9628306082750566
l_TOP52,0.0010625012256305967,209,0.9638931095006872
l_CLI36,0.0010396970490165643,210,0.9649328065497037
u_LAC3,0.0010293061905180866,211,0.9659621127402218
l_CLI48,0.0010267996962559293,212,0.9669889124364778
l_LAC6,0.001023924751106555,213,0.9680128371875844
u_TOP35,0.001005738359027218,214,0.9690185755466115
l_TOP14,0.000990955733324284,215,0.9700095312799358
l_CLI60,0.0009904444070899898,216,0.9709999756870258
l_CLI76,0.0009593588751080445,217,0.9719593345621338
l_TOP75,0.0009559692486233448,218,0.9729153038107571
l_TOP108,0.0009527909286697173,219,0.9738680947394268
u_LAC9,0.0009490646631584938,220,0.9748171594025853
u_TOP63,0.0009408819227539855,221,0.9757580413253393
l_TOP51,0.0009297164939364942,222,0.9766877578192757
l_SOL55,0.000923070088686007,223,0.9776108279079617
u_LAC13,0.0009224264297587062,224,0.9785332543377204
l_CLI32,0.0009006155681310243,225,0.9794338699058515
l_SOL4,0.0008881156868088914,226,0.9803219855926604
l_LAC9,0.0008780334865151039,227,0.9812000190791754
l_CLI4,0.0008686885289165058,228,0.982068707608092
l_TOP73,0.0008574219261982989,229,0.9829261295342903
l_CLI12,0.0008379646706094719,230,0.9837640942048997
u_LAC7,0.0008290361228864253,231,0.9845931303277862
l_TOP118,0.0008064051201117917,232,0.9853995354478979
l_SOL53,0.0007840506315686933,233,0.9861835860794667
u_LAC1,0.0007157660246446179,234,0.9868993521041113
l_CLI8,0.0007123713332355797,235,0.9876117234373468
l_CLI28,0.0006936701058889216,236,0.9883053935432358
l_SOL45,0.0006844232115641641,237,0.9889898167547999
l_SOL34,0.0006807259808726593,238,0.9896705427356726
l_TOP69,0.0006291321649078587,239,0.9902996749005805
l_TOP49,0.0006286061583970765,240,0.9909282810589776
l_LAC13,0.0006012221179525403,241,0.9915295031769301
l_TOP106,0.00059999054621834,242,0.9921294937231484
l_LAC7,0.0005845625632488952,243,0.9927140562863973
l_TOP13,0.0005743047403536228,244,0.9932883610267509
l_TOP89,0.0005538986703953869,245,0.9938422596971462
l_SOL56,0.0005371243075126496,246,0.9943793840046589
l_TOP105,0.0005089887570490997,247,0.9948883727617079
l_LAC3,0.0005041506063736089,248,0.9953925233680816
l_TOP85,0.0004888044996275479,249,0.9958813278677091
l_LAC1,0.0004656271271848667,250,0.996346954994894
l_SOL46,0.0004608144981954896,251,0.9968077694930895
l_LAC10,0.0004154538824805913,252,0.99722322337557
l_SOL48,0.0003833880672185811,253,0.9976066114427886
l_SOL33,0.0003751241475674082,254,0.9979817355903561
l_LAC19,0.000351420180274036,255,0.9983331557706301
l_LAC4,0.00033638213900906276,256,0.9986695379096392
u_LAC19,0.00031145235202818,257,0.9989809902616674
l_TOP9,0.0002530997066762079,258,0.9992340899683436
u_LAC15,0.00019965864701718724,259,0.9994337486153608
u_LAC20,0.00014709121408833242,260,0.9995808398294491
u_LAC21,0.00012633536537611263,261,0.9997071751948252
u_LAC12,0.00011163328339926629,262,0.9998188084782245
l_LAC21,5.449425883343938e-05,263,0.9998733027370579
u_LAC18,4.69241014232072e-05,264,0.9999202268384811
l_LAC11,3.629656279352669e-05,265,0.9999565234012747
u_LAC8,1.632793784727546e-05,266,0.999972851339122
l_SOL54,1.4760554280164523e-05,267,0.9999876118934021
l_TOP17,7.097647804618123e-06,268,0.9999947095412067
l_LAC12,2.6561844211968134e-06,269,0.9999973657256279
u_LAC2,2.634274372039022e-06,270,1.0
