variable,PC1,PC2,PC3,PC4,PC5
l_CLI1,-0.10099251673046605,0.03939071293590529,0.10446173673067403,0.04416637774364679,-0.0854216937393213
l_CLI2,-0.0810792957062398,0.03346451916608155,0.13539311209103466,0.043096494515245505,-0.09678906798725337
l_CLI4,0.08973675869359389,-0.030251008497653303,0.10894575634268752,-0.009227736135401293,-0.03246595599248632
l_CLI5,0.0025391699920657472,0.07301507202995411,0.07439170593582256,-0.03448038701459913,0.06327396296409339
l_CLI8,0.013176887570889632,0.01432999910677587,0.013210953000773556,-0.02133893830132622,-0.036880114790235646
l_CLI9,0.012929597980462946,0.06964752857374469,0.030939495106199998,-0.044297568314791716,-0.06754814054328706
l_CLI12,0.053213845040329485,-0.060902711560271355,0.09406848773629384,0.007644135883651146,-0.046839638702456665
l_CLI13,-0.026958670637550117,0.01428313860158214,0.043390390389506074,-0.00018613191056456228,0.18253791324748522
l_CLI16,0.05955513076829879,-0.07122353020963933,0.09846562656462866,0.004000956653760212,-0.029062508499446943
l_CLI17,-0.10720399113671158,0.03805699640903217,0.11848357640888797,0.038658258113300814,-0.024664788587548704
l_CLI18,-0.08653863880614934,0.02969041106589739,0.15136440095123438,0.03792721716769418,-0.03461231091295726
l_CLI21,-0.09149048522333533,0.008559461211373735,0.07008992297572675,0.042442771971081004,-0.13098486330506895
l_CLI24,0.09251003828319429,-0.007895253140567058,0.10087700767167826,-0.016844374721513802,-0.03684182189143497
l_CLI25,-0.02359467141635999,0.04118027657838723,0.06931788464633415,-0.004281369257457431,0.1486755386137807
l_CLI28,0.05592595602595497,-0.06405224538499195,0.09968496364948941,0.00963717145646145,-0.03216793450330631
l_CLI29,-0.046263869615602735,-0.042222064434607944,-0.03955660859335028,-0.035716662815124284,0.014509481302561307
l_CLI30,-0.03513197145722802,-0.04563246289812946,-0.025300220493675914,-0.040269125287160985,0.011749741593854486
l_CLI32,0.0565480253156324,-0.012408834941854904,0.06497145215364576,-0.01447136029119569,-0.010282518448529213
l_CLI33,-0.031900819800132894,0.10787468933180615,0.09000302059526961,0.0012551877512984725,-0.06413252646815627
l_CLI34,-0.024398930316619043,0.10607247770959431,0.0983888287121386,0.00068466584699351,-0.06555272705698
l_CLI36,0.02973313158794146,0.007514005721948527,0.046200843062108775,-0.006732565982824568,-0.008971029576379824
l_CLI41,-0.086056994824422,0.035203068149717825,0.0870609151089977,0.04047400349043891,-0.13358732948880042
l_CLI45,0.04442339833783693,-0.08544509303441902,-0.08310621463004145,0.14414099335801103,-0.07375429575826044
l_CLI48,0.06399447478369277,-0.04234248793072976,0.057759715603873066,0.032037615944689526,-0.07002048749346619
l_CLI49,0.04062377252831474,-0.07125033830427425,-0.07487404344802545,0.13304170362425705,-0.11530911338788917
l_CLI53,0.04739361510935797,-0.09114544928921091,-0.08377935395631364,0.12949608969052132,-0.018065531826536186
l_CLI56,0.06030519739299011,-0.04178843150928671,0.06546279112852293,0.02007540173439313,-0.05280398950653518
l_CLI57,-0.012929805321602882,0.02098906629698919,0.004965368955298996,-0.027747079106931017,-0.15864305237115323
l_CLI60,0.021833250687782076,0.034890419440083344,0.06333793785892199,-0.006670763458615073,-0.06429859016359826
l_CLI69,0.047642200965948546,-0.10671708982358914,-0.11675975688381576,0.07887681589551586,-0.044441358273645495
l_CLI72,0.05961940700296242,-0.0482788649472382,0.045057251574764014,0.012393956385857888,-0.04809791235890589
l_CLI73,0.03815623836678503,-0.04032907056095599,-0.05138433754937419,0.14925603001788076,-0.05998123262112
l_CLI76,0.06059493558887693,-0.026446996394940765,0.06185087054922296,0.036962986860076645,-0.07766474860400194
l_TOP124,-0.014214139853389872,0.017044088448419602,-0.00888861821990048,-0.003103536395225622,-0.009367621022389083
l_TOP125,-0.005036121894473836,0.02458357319090821,0.019266363237075337,-0.006829393845742946,-0.03658610425967378
l_TOP126,-0.005576378443207032,0.030924950943531263,0.010144571578695999,-0.0015398942054886608,-0.031714915687167035
l_TOP127,5.9489421199178026e-05,0.021922957088607368,0.019300427382105405,-0.00439382226246304,-0.03286536363576174
l_TOP128,-0.01701461774233948,0.0260364451062237,-0.005023184801107649,0.0026086859493662253,-0.0052475978478382646
l_TOP129,-0.011799647718378442,0.032502479025623546,0.032231133679124085,-0.006620160180912788,-0.03967249211704504
l_TOP130,-0.011269789179399735,0.0438572509145823,0.01934338970979987,0.002818337607479377,-0.03160770249552143
l_TOP131,-0.006539455336712672,0.030103999521186618,0.03149812996639356,-0.004766733170652192,-0.03916618261675243
l_LAC1,-0.06666227923588725,0.029869236411200168,0.03855269623531821,-0.003722219320305145,-0.01217885890330502
l_LAC3,-0.04869647606613542,-0.013794622163576485,0.001856393118712554,0.023637445728422683,0.011489141561555569
l_LAC4,-0.002334341871668851,0.03293689902782255,0.020500050136272697,0.0005059585217020238,-0.016367941732587963
l_LAC6,0.04037704832801397,-0.03320129934086534,0.03575251805755473,0.022562567770724264,0.08937565580708062
l_LAC7,0.05175987617049286,0.034623631205675534,-0.06747201307315216,-0.07536562061440036,-0.03758169056840456
l_LAC9,0.029063102253393983,-0.020104247887264094,-0.03115759927196419,0.027790845870276144,-0.022695094967811205
l_LAC10,-0.0008107102590061883,0.011920714025676384,-0.011750768784760467,-0.002957959386718198,0.00816657468155512
l_LAC11,0.009077203714532077,-0.009695605731224624,0.003250649912663777,-0.00635290602250057,0.005375264642436678
l_LAC12,-0.0038369990510287977,0.00928130022056168,0.029538406662247912,-0.003951877976255913,-0.0136998530489498
l_LAC13,-0.009495186119674835,-0.023442591853010578,-0.04777754317925597,0.0041210298857151705,-0.03444334213066858
l_LAC19,-0.020115477541666236,0.010109945619443662,-0.002515336924081252,-0.01620975790224826,-0.0020850627290030597
l_LAC21,-0.02412498496171027,0.03257451499402648,0.03287438880420908,-0.019401652135806823,-0.14899755846726728
l_SOL1,0.04635637217275102,-0.014419801880980592,-0.021318500334030956,0.13132519866517212,-0.051938837612306846
l_SOL2,0.07575092844493188,-0.029370638909658388,-0.009040956768121035,0.11803506282062468,-0.09810153192767651
l_SOL3,0.06372111585468924,-0.020626528656924336,-0.019054268479823198,0.13035266389468994,-0.07934331650673934
l_SOL4,0.0629232648516659,-0.026680068803226858,0.007495217390065669,0.011845425014418685,-0.08750292226536742
l_SOL9,-0.06807431932873315,-0.055381285738716264,0.08901292082554972,0.14851878499000712,0.039381676566323874
l_SOL10,-0.056701856912229565,-0.06937872313969876,0.10507493409786113,0.148440011446346,0.016932988148150134
l_SOL11,-0.06312868102975545,-0.06513981931195185,0.09822281791320077,0.15187182480077577,0.027425482088901457
l_SOL12,0.02632567128578983,-0.031529126687769575,0.024350569808137622,-0.001513061853284038,-0.05030398554733751
l_SOL13,0.051002221855855706,0.097335089615149,-0.06482621028876348,-0.14360308044110404,-0.04084514246038341
l_SOL14,0.060546698957663354,0.08727627104367695,-0.052387930749215564,-0.14986946404740745,-0.06319733612609131
l_SOL15,0.05637129289966527,0.09593581911343019,-0.06018330089272505,-0.14910685314734543,-0.05123664685413398
l_SOL16,0.023218234776015503,-0.012974437726312403,0.012669209982338826,-0.021731191373610636,-0.05299917369368023
l_SOL17,-0.021025330889381383,-0.0860124327985929,-0.0428819597887288,0.06811738329180987,0.08379907588474832
l_SOL18,-0.005831846282857277,-0.09242364518070624,-0.03202209197598584,0.049063674363138736,0.040678057090445745
l_SOL19,-0.013624033934780271,-0.09334628776557381,-0.03863502545547881,0.05984069046978947,0.06233099440267385
l_SOL20,0.024810832682098577,-0.004370245780787743,-0.0009237530630754248,-0.031522535983047564,-0.07022991144087638
l_SOL5,-0.03469956121495877,-0.06941083139105497,0.0663869256365418,0.16927232357612368,0.043760308492462575
l_SOL6,-0.016915271916058662,-0.0812563488555823,0.0757455674864627,0.16849407328951913,0.00665288018539114
l_SOL7,-0.028528949355154563,-0.07923602275659802,0.07199925777624432,0.17350564554936934,0.022630122953162867
l_SOL8,0.04381017408575385,-0.010520219702466117,0.0006692159263556441,-0.020168928477393544,-0.07030629802388794
l_SOL37,0.07146772039862699,-0.009461552867062354,-0.08214575975040987,0.07806001768950455,-0.05634970016008046
l_SOL38,0.09267130779189249,-0.008600237887768043,-0.05576889963781493,0.0504553930293304,-0.08852594053735705
l_SOL39,0.08967171302854268,-0.009746859356015181,-0.08028959875721237,0.06280960740889774,-0.07676291870920544
l_SOL40,0.07005827081550373,0.0024446436686557226,-0.035509051301788754,0.016265284476266764,-0.07605394512883346
l_SOL41,-0.08013246057365037,0.08490537769969494,0.12146402575280366,0.016619596035428515,0.03785947079176424
l_SOL42,-0.06999911696308123,0.07250612716518831,0.14512488698710677,0.011831166095691513,0.014613415035998549
l_SOL44,0.020264516502664604,-0.025037597211921007,0.06560624979076449,-0.008751993203316762,-0.05825355863422691
l_SOL25,-0.1046696481963579,0.017188045320250186,0.05861235956974455,-0.05976608481145609,0.10722253619441201
l_SOL26,-0.08631750350158497,0.006084298032074969,0.08530529880116205,-0.06434215415745456,0.07131716753933669
l_SOL27,-0.09728761559647289,0.010310953839602146,0.07637989009406447,-0.06349333187502465,0.0919924161084623
l_SOL28,0.07034415022261147,-0.019690642529555904,0.005943857754199677,0.02105565254362631,-0.0962900491961167
l_SOL29,-0.03076431376432546,0.04331114194671209,0.10080527543757745,0.08594361700014573,0.03788443840786702
l_SOL30,-0.00040894393514716467,0.020403183401215927,0.10692339525268085,0.0790229887348524,-0.023831940097334425
l_SOL31,-0.018470097835519183,0.03596251803078594,0.1099798464410976,0.0868271615056442,0.005931670886225033
l_SOL32,0.03890307733411913,-0.02014098888294522,0.013663463412865734,0.010942305581605265,-0.08023598970376758
l_SOL21,0.09120606147227191,0.08056847223219525,-0.04993174096114234,-0.060938895260265254,-0.015214591602756398
l_SOL22,0.1094634237751224,0.07563865859844929,-0.015478597439958422,-0.05335107018827073,-0.017615318501499274
l_SOL23,0.10208795072887904,0.08058145924961582,-0.03450001986275104,-0.058764406068521624,-0.015821956484709236
l_SOL24,0.08098553432914099,0.031985513299248376,0.04629780861310529,-0.008095019601329984,0.00034068363602439135
l_SOL45,0.0621335919375276,-0.05937774988605824,-0.12677853360540586,-0.011980790310577355,-0.012271718503465702
l_SOL46,0.06864593183878924,-0.06426210000682374,-0.1003464833800654,-0.017316190295801875,-0.025882581537575545
l_SOL47,0.06956954554101889,-0.06705860979640686,-0.1210613438626209,-0.014609350915946614,-0.017251360509024993
l_SOL48,0.003846635315397203,-0.0029079734315658593,0.034514238677008764,0.0003845945705038293,-0.01927809130881433
l_SOL53,-0.07298981851747573,-0.01979949197351387,-0.012202950840931134,0.0077017334999386206,0.12247537165191691
l_SOL54,-0.011510049778419918,-0.027100024252064946,-0.004545273719259136,0.01690721370689752,0.1511244604942877
l_SOL55,-0.04499507575028385,-0.017598268985430668,-0.012918828552578011,0.01481179821793317,0.14427090860237443
l_SOL56,0.07808171558592603,0.016111433503821104,0.010568497420976807,0.00045440525471974113,-0.08856887084105683
l_SOL57,0.08339154323211269,0.03461023839217756,-0.05240973769092187,-0.03243077833004272,-0.02236356239857784
l_SOL58,0.10494149152259115,0.02064491291186036,-0.01597167783255173,-0.035153657300184764,-0.05381326091949042
l_SOL59,0.09731677973448875,0.025164652715678672,-0.03301082087812057,-0.038518126841071296,-0.04015067558849182
l_SOL60,0.051491107988806135,-0.012024752641203772,0.04901126949529446,-0.00273569224818878,-0.05409759590840664
l_SOL33,0.0320810326815508,-0.007940188935974557,-0.10351476908650367,-0.021604456757134852,-0.028457132511351825
l_SOL34,0.06645729929594377,-0.02652988122917324,-0.08953020654173942,-0.013965286351302269,-0.06931583085297964
l_SOL35,0.05545612787913524,-0.015492111490859689,-0.11238287541951501,-0.01496604713628706,-0.049670921356665954
l_SOL36,0.05948312708278788,-0.02871570925938656,-0.04721772278901739,0.0021753866905260847,-0.054437125444472226
l_TOP108,-0.014994445268500018,0.07879548468699027,0.012641204696338958,0.03775973978648021,-0.01735454877166036
l_TOP109,0.013958781713727763,-0.11735162899009514,-0.07623986185837327,0.03637053996845783,-0.003708678029266267
l_TOP110,0.011830819405334097,-0.020323455790820583,0.08516207761525937,-0.01184432565483398,-0.1035879751303412
l_TOP112,0.012188052187061621,-0.07036934589854482,0.061327224980837716,-0.033673051513450215,-0.0674086898387633
l_TOP113,-0.016193435092242418,0.11102188626311839,0.009966657088737714,0.05473961525706254,-0.015099000042312804
l_TOP132,-0.012125783662742941,0.029467203334888108,0.020229000621875264,-0.008503903887788256,-0.12367963681802069
l_TOP115,0.09757761223414706,0.0460833362528586,-0.042340362310905585,-0.07026769672811332,-0.003079016094851913
l_TOP116,0.08568345058893487,0.06340913405189301,-0.06751286855547717,-0.06107308901068531,0.0049259919028829474
l_TOP117,0.0668629784775257,-0.07805840961818321,0.10789749776317754,-0.05281210371383866,-0.031698520678604014
l_TOP118,0.05459784685418601,-0.06852491355874346,0.036627784863802304,-0.05515277414456529,0.021910379043525597
l_TOP119,0.07415297561097357,-0.10171824070681634,0.07007467457009005,-0.08422205276616836,0.011810733077138553
l_TOP121,0.11496022736944184,0.04246269912501088,-0.022642556655507455,-0.05982481349420856,-0.00023573537703379635
l_TOP123,0.11400089963301682,-0.03871795068082176,0.11268573792872716,-0.007875027007525202,-0.006217137646880475
l_TOP1,-0.10871773228131926,0.02356485740059905,-0.03713400697208389,-0.018643055252098095,-0.04433720697222909
l_TOP2,0.09585062935482236,0.022541035207556275,0.03678960521294793,0.05449738572227323,0.04534309708408223
l_TOP3,-0.0996470449758433,0.04591611755024362,-0.0313258139943057,0.0068714975591215866,-0.07284697137132018
l_TOP4,0.10383695087081939,0.012153487704472372,0.020999433701118182,0.040991239733787155,0.08388972224031128
l_TOP6,0.0880271783734303,0.013935452700522329,0.043564798750918565,0.0346450205592881,0.023455379265326985
l_TOP7,-0.10161202403253973,0.026253029457601065,-0.02438747142731832,-0.009064752119495893,-0.08344967918316537
l_TOP8,0.10814990450741697,0.002157917889637072,0.029286304133008843,0.032214675268326165,0.07513844756315483
l_TOP9,0.033034671887739356,-0.06078918819425735,0.014834352095218648,-0.04181378335566178,0.03143467060775965
l_TOP10,0.11742979807020096,0.00787002240288022,0.0688560844150115,0.04439264696465167,0.04077642316520761
l_TOP11,0.11949051853783228,-0.013546880052376248,0.06052011846518173,0.017765307312276258,0.06523470032522787
l_TOP12,0.10710691010419832,0.03558586996141779,0.04524011106542391,0.054833434624352646,0.059295365576034445
l_TOP13,0.03492164668344559,-0.05999927867468443,0.012724244485607829,-0.03766769424494592,0.0293916511102571
l_TOP14,0.11174616141596962,-0.002545028533598679,0.052118071381622236,0.04931959446476908,0.027475246781301053
l_TOP16,0.10639037441690322,0.029427092586643718,0.03566309853291999,0.058611131280677735,0.051051914961543994
l_TOP17,-0.00754447687068949,-0.0027845814314627205,-0.012180321835344959,0.010579965039197699,0.00223889838966245
l_TOP18,0.009616782526840293,0.008008586787897216,0.0731845415926049,-0.016260609658535905,-0.12056399508685418
l_TOP19,0.004573829394428978,0.022141847559435855,0.049494246089128724,-0.009610070012760439,-0.09379050860696027
l_TOP20,0.006423096432698362,0.022767164583499436,0.05938894604738033,-0.012401135484655282,-0.10082400943663208
l_TOP23,-0.02176155279548872,0.10899579226933029,0.0027690920164611193,0.052787060383718803,-0.0035193721170822204
l_TOP26,0.017171292781759717,-0.014820019256832087,0.08473231672899431,-0.021582281645739276,-0.09544153991269477
l_TOP27,0.024818818046356897,-0.0236960747202272,0.0721760743313718,-0.026490521327381236,-0.08101074811848152
l_TOP28,0.018176143597753443,-0.013744170537225348,0.07637275556900705,-0.019349311092602163,-0.0843662507336734
l_TOP32,0.01648708617371126,-0.026418068665044495,0.09483617425809536,-0.02030833245742926,-0.10758804137523131
l_TOP38,0.04139820387753997,-0.0507947241658689,0.08708308802365793,-0.037084565556696036,-0.09155574901137115
l_TOP39,0.04204376807953682,-0.05427104135019566,0.07430444161908482,-0.04051983857027019,-0.08068428839506124
l_TOP40,0.04302313024583416,-0.05044777360265794,0.08036574183955836,-0.03438453763017142,-0.08764857296190742
l_TOP42,0.10789227089488362,0.0019986646340717507,0.07900476073064547,0.02409203108770419,0.01885730301937874
l_TOP43,0.10322525396892153,0.004263581673108589,0.056404187673499064,0.02174774596091973,0.04525723043076461
l_TOP44,0.11186631602518433,0.011085002078876865,0.062112044801580765,0.02705279397309873,0.04310894672483339
l_TOP46,0.044347621489822575,0.15369706858340235,0.04387670120514341,0.07759740218477114,0.033758474953375986
l_TOP47,0.02875899578525416,0.150938360428079,0.01755718794044498,0.07773896407985142,0.052272203104099454
l_TOP48,0.032543717009747335,0.15815742600354576,0.02860321116570618,0.08054671482437178,0.04333425022105431
l_TOP49,-0.051992120950398714,0.00929937069402724,-0.06119258447175082,0.011125814006550262,0.004265522585125635
l_TOP50,0.1126352102799124,-0.01213197720127444,0.08885491578870924,0.017872970845566685,0.004696915773802002
l_TOP51,0.10450121920590423,-0.020838250889304088,0.07133270409527928,0.006764719365089093,0.020188911191941983
l_TOP52,0.11296551414859259,-0.0078209475219755,0.08105877026415181,0.018225515986500563,0.016857844009121197
l_TOP53,0.08691457673983091,0.06374863245702317,-0.06557216590085438,-0.06758274517458683,0.00902670091911926
l_TOP54,0.11517265765310647,0.04308209819776263,-0.02173607956064639,-0.06559732785480708,0.003585415698377863
l_TOP59,0.10642209068152177,-0.0709162217924169,0.1134378022128796,-0.03846224301700367,-0.008618877035205242
l_TOP61,-0.0024850464471491028,0.00128736291198442,0.009971419161115725,-0.006631597199329856,0.0005213590798917102
l_TOP65,0.048205680159743115,-0.08442568427910116,0.06317838334475233,-0.07053333720302195,0.023366062199495455
l_TOP66,0.06872595251887112,-0.09733779279929364,0.08301081220211133,-0.07282770559182096,0.010995159698456129
l_TOP67,0.06327505123441637,-0.09621151110368358,0.07620661005618486,-0.07687518408048306,0.016405504544243804
l_TOP68,0.0664356313112345,-0.0725351345758079,0.06370892420902789,-0.04908556083808164,-0.000645401741229889
l_TOP69,0.04492118056130406,-0.07665174095743803,0.036049894974940766,-0.07850747522049183,0.013929231233611556
l_TOP73,0.05545573115005262,-0.08900218749228708,0.052799847551097456,-0.0846164412124155,0.023765952857604092
l_TOP74,0.08121722743288055,-0.10935858356775395,0.08814428055965737,-0.07324321503092564,0.003389302641073785
l_TOP75,0.07348599254635332,-0.10541573856702163,0.07362783376706503,-0.086324802757864,0.015316452320856372
l_TOP76,0.07394817721410474,-0.08490793556708774,0.07568408651693832,-0.039942529961502805,-0.003448589349770848
l_TOP79,0.06521875230920766,-0.077962082028033,0.10459541020630403,-0.053114488018457535,-0.029896930042070287
l_TOP85,0.04306405414940877,-0.07586683643175196,0.03544379444769807,-0.07746625655393424,0.01667194451247798
l_TOP89,0.037556324733510976,-0.07164959094023575,0.042713600303960854,-0.06937876095125615,0.02134880448968413
l_TOP90,0.08071530851903005,-0.09861065244446947,0.09092243367314579,-0.07297939817932865,0.007494244969539088
l_TOP91,0.06738055911924148,-0.09633938823306834,0.07309040613301934,-0.08217672171183012,0.016604190815978324
l_TOP92,0.07532559784928243,-0.07197445215403836,0.07250042906371534,-0.04331902692129143,0.00790385048602879
l_TOP93,-0.0010762797850450661,-0.0070411223270222655,0.010040511216935834,-0.025421768216544058,-0.00913208196137317
l_TOP97,-0.005039890911675092,0.009993704938985003,-0.010138756040997683,0.005595951473808593,0.00020484437640513686
l_TOP101,-0.010279544054710647,0.024062741881208657,-0.02068618810184061,-0.02049496833219501,0.025021242824115008
l_TOP102,0.0043467066698428015,0.006337000912715227,0.041410494539994486,-0.0022338445058904715,-0.025445049377147144
l_TOP103,-0.007271466885288875,0.014967318955981756,0.002703487139510036,-0.02008839147079564,0.0012063692836141507
l_TOP104,0.009746212912323773,-0.015322517883694372,0.03593551546254515,0.01852564320166289,-0.031158393006204342
l_TOP105,-0.016164787532437247,0.14535209332141258,-0.021177081460664056,0.08935188680978574,0.02572414648869608
l_TOP106,-0.008652112665971804,0.13940026944084657,-0.02923414639568543,0.07909031857190554,0.027732647143107237
l_TOP107,0.002869956438809909,-0.1194342788532604,-0.02910890325680734,0.004035469606191794,-0.004875447902812005
l_TOP134,-0.004502333161285105,0.06905569582141181,0.019843373864755497,0.027808930792943217,-0.07032731358005133
l_TOP135,-0.002570218995163308,0.06565903302090498,0.009787328214444441,0.03555885290448186,-0.007279140665762036
l_TOP137,0.054431792129692604,0.03406290758310643,-0.009533075923615986,0.011753623326388742,0.08186007796821582
l_TOP138,0.0417471159218112,0.09535685088181484,0.02515013069224602,0.06672366107983504,0.020520795863167615
l_TOP139,0.06226202170582285,0.09476680024910987,0.02429647826649241,0.055847181538733165,0.05760443640950966
l_TOP140,0.034810861774514076,0.10212517551934659,0.019050254128112565,0.0643137386146452,0.02843100359922049
l_TOP141,-0.1022020676485574,0.030449751348076384,-0.03662218630266819,-0.022183394698350796,-0.04760918892240079
l_TOP142,-0.035555511995643684,0.14844823594080986,-0.016055064962616848,0.08274415006194158,-0.025108734463316188
l_TOP143,-0.0875904529234124,0.1146681294110489,-0.028403394138564637,0.035034207571631934,-0.055178308916192124
l_TOP144,-0.019816541920519428,0.15072602110861594,-0.03378643894426649,0.09047168682362684,0.03240843629768817
u_CLI3,-0.100003332061424,-0.041620950423401123,0.07353798147370925,0.009774807912363388,-0.11385826357161626
u_CLI7,0.0010159339960968384,0.09263249818296275,0.0710094260002849,-0.03722095976932476,0.0480993137926528
u_CLI11,0.01302673227424925,0.09352554627361938,0.04823876761851641,-0.03415096653311963,-0.08428069022479107
u_CLI15,-0.021353528094208405,-0.018858317238215738,0.02642127328983791,-0.01671128239335427,0.1791439734172709
u_CLI19,-0.10842587337522688,-0.039408959955670814,0.08430059647122623,0.008009363410723381,-0.061784778480841095
u_CLI23,-0.0879643317163084,-0.05934613867814623,0.04945318676023704,0.012052669510119084,-0.14173445752591507
u_CLI27,-0.02185735083689555,0.02540283770440061,0.05777948475188799,-0.018825449062029615,0.1447044965384844
u_CLI31,-0.04561245533621379,-0.09459685743801194,-0.02961665212326795,-0.059118014475795296,-0.0074709730125644
u_CLI35,-0.03371537817874171,0.10050825090172856,0.07538963874127343,0.005081111574487492,-0.07796454350234051
u_CLI43,-0.08561315319751331,-0.032088182251837336,0.06332784626479254,0.012390313775945875,-0.14986152185469637
u_CLI47,0.04043025706163797,-0.04021664011052708,-0.07054871279599936,0.17123792904902813,-0.06459366563421046
u_CLI51,0.03478314706765839,-0.028682283419755424,-0.058220958024224945,0.15445314534675858,-0.10539237547004672
u_CLI55,0.04767912352577823,-0.05671777169274015,-0.07354941760976562,0.15686645751602069,-0.003942837212513054
u_CLI59,-0.015456880142038557,0.023589874311933334,0.004781835029568448,-0.013975046345022165,-0.16126531863315222
u_CLI67,0.043862263698706716,-0.05234837948808225,-0.07361993749548565,0.16646968913880997,-0.016154204658911316
u_CLI71,0.04343784953358812,-0.07745705270802647,-0.10365854039240757,0.10447589831997416,-0.03447923083862293
u_CLI75,0.03472856869935626,0.0007358780967601314,-0.03959510312720012,0.1594230720249837,-0.04785659855373738
u_TOP126,-0.006815551172935622,0.007059420284444012,-0.0009838989741806309,-0.0051632994534251105,-0.016346262939053013
u_LAC1,-0.06735108718638343,0.030639239369514817,0.004593818382518623,-0.019830289406688906,-0.021266667712407206
u_LAC2,0.01439608320895211,0.0064503831522961,0.015513230380696196,-0.0006141451110876437,-0.0011427291851138818
u_LAC3,-0.04909932497570304,-0.024007766004735687,-0.012780222832869247,0.018813677225314296,0.009687732438192168
u_LAC4,-0.013397608036125393,0.06368130301958608,0.03317666974601627,-0.009906348900970254,-0.007134172668327659
u_LAC6,0.005775341680538987,-0.038169308711031656,0.06938925741433699,0.024818088773327005,0.0963221249100812
u_LAC7,0.04986911836748416,0.09184174983153807,-0.07492568444574871,-0.04682932597739125,-0.019344009534617134
u_LAC8,0.02433526459048318,0.021679455140133645,-0.026580691697019366,0.04218894791611903,-0.018808126788585563
u_LAC9,0.020060564623419052,-0.005611279929069139,-0.05707031271020977,0.07501198333539158,-0.010737548026940907
u_LAC10,-0.0024315250575845182,0.01913216344861968,-0.03105110546849406,0.04076121633186031,-0.03516942148745876
u_LAC11,0.013606650728970113,-0.006925596539131705,-0.01874703360854508,0.000814495615291846,0.01625886814333594
u_LAC12,-0.01755860495763844,0.020888671672847612,0.029097428884695877,-0.014542902919007134,-0.12912237484109307
u_LAC13,-0.0021558729408279916,0.002003871481826761,-0.04939872196540529,0.018484551993969003,-0.030969135004519456
u_LAC15,0.011508347897633098,0.03041823114766302,0.0001661857137062869,0.005360310219340737,0.00879469880411857
u_LAC18,0.0023984682300976557,0.023222073744728504,0.0007412711405020357,-0.008255242361321328,-0.002657269067421099
u_LAC19,-0.02921204746148916,0.01321600299349538,-0.023755787805458495,-0.015555925063011239,-0.014584247968583172
u_LAC20,0.017254947906985212,0.069652117214711,0.012585473200936212,0.014258937677641895,-0.008302724009173696
u_LAC21,-0.016394642956849125,0.035849963537338866,0.02173573662465423,-0.02221439542120685,-0.17248884238176015
u_SOL3,0.07446991195266596,0.028515040491387027,-0.03525864824297245,0.15683880103864756,-0.03576329448539379
u_SOL11,-0.07331428696535303,-0.09623894789642835,0.06132273592863414,0.12125203186834252,0.002703594902434253
u_SOL15,0.06289414013916483,0.11844583845836101,-0.03558408973927216,-0.11517543004860824,-0.04929601158657908
u_SOL19,-0.00842622806481292,-0.09215263667336847,-0.034562099565233935,0.04190177403194067,0.11130822326484485
u_SOL7,-0.03428201427163819,-0.09619770970121128,0.04526059746046787,0.16166289483096033,0.027579295109137904
u_SOL39,0.09751919114842837,0.045713818723642476,-0.06311113763415072,0.1018721718714033,-0.02282990989843487
u_SOL43,-0.08442040685683358,0.0319178320940266,0.10868938331385945,0.003357262154777061,-0.005198024715652508
u_SOL27,-0.10026230906917784,-0.05601146684247052,0.06635692478098937,-0.1032154479544589,0.0356810062983911
u_SOL31,-0.005874749544993412,0.031158108088620684,0.08386552364726316,0.11426688923614808,0.0067039538757006426
u_SOL23,0.0915156011827238,0.11340248944043327,-0.026180834775226963,-0.03293370499788906,-0.015109043772073845
u_SOL47,0.07354944150134372,-0.017898387287330935,-0.09668077272233946,0.006342053965667908,0.014160111206237029
u_SOL55,-0.061246212138434133,-0.09504015239112715,0.015577376887261823,-0.04865653770058675,0.07275044585116987
u_SOL59,0.0920923156891394,0.10143364708585204,-0.023220371492225438,0.006232954771578599,-0.03029199307774991
u_SOL35,0.0730566570504865,0.02167075161262022,-0.09844147986200089,0.04799572265377634,-0.025395187139410358
u_TOP110,0.008750670711571111,0.01160018477531153,0.055044025019618595,0.010270034614511711,-0.06953880182313082
u_TOP112,-0.009267037230457032,-0.03760687468244473,0.0012074470388170886,0.001163359785261784,-0.07589719318551064
u_TOP114,0.0065165692454345475,-0.10609767575064179,-0.07023641994377544,0.05257337003567164,0.002036849335017193
u_TOP117,0.08347783888210934,0.06272691563057192,0.07152425906741318,0.04273813801771445,0.030661191100598947
u_TOP119,0.09286862582186825,0.056131052119976106,0.07133467811068778,0.04518926722938844,0.05728585512706586
u_TOP122,0.0959398680874909,0.12775229648129707,-0.012602198984344002,-0.01103273375006519,0.026667965142455737
u_TOP3,-0.08072728816741967,-0.01847011892319109,-0.0651152568471953,-0.0445236446098569,-0.078436277586825
u_TOP11,-0.007472040294470922,0.012453781817775681,0.02502639734097677,0.008087639704651595,-0.0029255362716564606
u_TOP15,0.08848568996985103,0.04333177218568798,0.0637845453749634,0.06708867098532649,0.05668461146643195
u_TOP19,0.04835981501707454,0.07152843981724033,0.06347848578030564,0.03164063572837196,-0.016155131417019145
u_TOP27,0.041735133635059485,0.02304736562944123,0.05061133489483385,0.02768135836921197,-0.03713966262478032
u_TOP31,0.00429823617316449,-0.10171728095737056,-0.06403507635332514,0.055271557653232065,0.0019677332433217383
u_TOP35,0.020918114364612404,0.018789035285416627,0.06570729834765551,0.015943801475424745,-0.06361509497798704
u_TOP39,0.009289719084941613,-0.010625230862937101,-0.02914651257943924,-0.009739977506382242,0.0013853127157797136
u_TOP43,0.024238654800660286,-0.0021556445080591776,-0.016042004363522638,0.0029736286540922603,0.010329577202460711
u_TOP47,0.0671164969098151,0.10686917056503983,0.041933474889106176,0.06266335567251385,0.047353909416253004
u_TOP51,0.09423187888251969,0.04881554559332607,0.06027668766032135,0.06894585159354133,0.050891514366190264
u_TOP55,0.092954739198055,0.12778393068184346,-0.005027580978666579,-0.01338436115149698,0.02839211652847834
u_TOP59,0.09260875983254299,0.06445174854071964,0.06964782589035096,0.056912496848894954,0.04333769353422606
u_TOP63,0.09001874705729024,0.056837173983437295,0.0775437632752063,0.04507026620731007,0.05807923358745003
u_TOP67,0.08757903534629072,0.059061024608191896,0.0720895608798049,0.053990829410827015,0.05590456386672129
u_TOP95,0.003858986443157473,0.017667743033251204,0.061712934190093445,0.011870626971832126,-0.06569495640420836
u_TOP103,0.005604629488147832,-0.0007206271348723664,-0.013892859701149025,-0.009823927143675299,-0.008141383697998434
u_TOP135,0.009566213494233143,0.12041717886086793,0.01651373097562191,0.05065453941236976,-0.007232911976231164
u_TOP139,0.08817987813296943,0.08558071902795965,0.06486100933869642,0.06304697868395315,0.06011952241037577
u_TOP143,-0.07937146305249541,0.023711751282548155,-0.046586844928631195,-0.0351056040516728,-0.0835328258932446
variance_explained,0.14302432475685484,0.0814253114302733,0.07347443764400159,0.058320376377348285,0.05297204595376423
