variable,domain,description,unit,mean_CSE,sd_CSE,mean_SB,sd_SB,mean_NCD,sd_NCD,mean_AUB,sd_AUB
l_CLI1,Climate,Annual mean air temperature [minimum],°C,9.560161662817551,1.698089400677575,9.804782608695652,2.3814693449096205,10.3671875,3.1898925039110546,8.48728813559322,1.4476971374404806
l_CLI12,Climate,Isothermality (bio2 / bio7) (× 100) [sd],°C,0.08923625866050808,0.08904397894802257,0.07521521739130435,0.09531693757344746,0.08154375,0.08737267902315082,0.0798322033898305,0.06758119112103032
l_CLI13,Climate,Temperature seasonality (standard deviation × 100) [minimum],°C/100,725.2471131639722,45.46503792322018,739.7947826086956,31.82947699613882,694.453125,80.6013981696643,741.0050847457626,59.41390010278511
l_CLI16,Climate,Temperature seasonality (standard deviation × 100) [sd],°C/100,2.552797690531177,2.7319836369291,2.0525895652173913,3.0579968401106052,2.3828671874999996,2.8332642709820965,2.542700000000001,1.9618601052976794
l_CLI17,Climate,Max temperature of warmest month [minimum],°C,23.970092378752888,1.9636011868696863,24.578260869565216,2.706394098171831,24.762500000000003,2.6118472451018326,22.631355932203387,1.483759737064897
l_CLI18,Climate,Max temperature of warmest month [maximum],°C,24.424133949191685,1.873036193955667,25.2,2.720819777568653,25.2328125,2.411056192685213,23.102542372881352,1.4285700509302866
l_CLI2,Climate,Annual mean air temperature [maximum],°C,9.932909930715935,1.6075872862997052,10.35608695652174,2.385904274353718,10.743749999999999,3.0616872099266725,8.88728813559322,1.3920833190835245
l_CLI21,Climate,Min temperature of coldest month [minimum],°C,-4.5017321016166285,1.7284661907334975,-5.257826086956522,2.4166506767920852,-3.4562500000000003,3.772535461665511,-5.875423728813558,1.9448954603888173
l_CLI24,Climate,Min temperature of coldest month [sd],°C,0.07744642032332565,0.10357866259416135,0.1443608695652174,0.16715606346712553,0.074653125,0.1072064170798336,0.09608644067796611,0.08635274381685279
l_CLI25,Climate,Temperature annual range (bio5 – bio6) [minimum],°C,28.467898383371825,1.456724340589178,29.826521739130435,1.3432155536408916,28.2125,2.037154878746336,28.503389830508475,1.7009090978665329
l_CLI28,Climate,Temperature annual range (bio5 – bio6) [sd],°C,0.0794810623556582,0.0823190277257977,0.06464608695652173,0.09421395356186155,0.0721875,0.0802648937867806,0.07528983050847457,0.06462322816864145
l_CLI29,Climate,Mean temperature of wettest quarter [minimum],°C,15.804965357967667,3.82180386452389,11.22304347826087,4.747075803908942,11.2875,4.032664249894969,16.233050847457626,1.3710243518012466
l_CLI30,Climate,Mean temperature of wettest quarter [maximum],°C,16.262009237875287,3.7547986433051643,11.95391304347826,4.658085180306464,11.6484375,3.9523949816876653,16.70762711864407,1.3506324686822824
l_CLI32,Climate,Mean temperature of wettest quarter [sd],°C,0.1569198614318707,0.22610535794546616,0.2350386956521739,0.48408814097651554,0.1074515625,0.13486586515802074,0.1699050847457627,0.13198224988249146
l_CLI33,Climate,Mean temperature of driest quarter [minimum],°C,2.8077367205542725,4.363468024294667,9.886521739130433,8.910053498776183,5.2609375,7.444783348569847,0.23135593220338976,2.74153710825799
l_CLI34,Climate,Mean temperature of driest quarter [maximum],°C,3.180715935334873,4.401441650938985,10.712608695652174,9.003788245620642,5.8609375,7.579653574767917,0.5703389830508474,2.707701637731041
l_CLI36,Climate,Mean temperature of driest quarter [sd],°C,0.131059584295612,0.38427598565933846,0.29977695652173914,0.8499637957557368,0.142853125,0.35727199676523635,0.12182203389830508,0.10298336837232105
l_CLI4,Climate,Annual mean air temperature [sd],°C,0.12639538106235565,0.1424982505640023,0.17940391304347827,0.20943120168183227,0.11264375000000001,0.1429984913617834,0.1419,0.11520461556845656
l_CLI41,Climate,Mean temperature of coldest quarter [minimum],°C,0.08418013856812934,1.7296395832211258,0.18652173913043493,2.301768085730196,1.303125,3.983456612955836,-1.397457627118644,1.9789718623048362
l_CLI45,Climate,Annual precipitation [minimum],kg/m²,1081.1140877598152,377.4997022443781,764.2178260869566,191.96355887021392,1445.3406249999998,313.47141117652177,1037.8966101694916,176.22847529713323
l_CLI48,Climate,Annual precipitation [sd],kg/m²,7.989933718244803,8.70714850002036,6.556839565217391,8.07887908434824,8.0583890625,8.41544072769258,8.50477627118644,6.457476920896426
l_CLI49,Climate,Precipitation of wettest month [minimum],kg/m²,129.1217090069284,44.40656065808231,89.92826086956522,25.408540178309842,166.0828125,37.883612718419634,129.0949152542373,20.733667637434312
l_CLI5,Climate,Mean diurnal range (mean of monthly (max temp – min temp)) [minimum],°C,8.654041570438798,0.5662895543615551,9.746086956521737,0.8068794768874331,8.815625,0.590995595288826,8.679661016949153,0.37314121437856934
l_CLI53,Climate,Precipitation of driest month [minimum],kg/m²,56.10254041570439,18.28201828588472,43.69347826086957,10.823212200945099,77.3296875,22.931953721567105,54.44406779661018,10.063355702514166
l_CLI56,Climate,Precipitation of driest month [sd],kg/m²,0.40830554272517317,0.4360586471097748,0.3652156521739131,0.4248643111606863,0.37790468749999995,0.40952638670328684,0.4455084745762712,0.34323612676996396
l_CLI57,Climate,Precipitation seasonality (coefficient of variation) [minimum],kg/m²,25.463972286374137,8.037527427472847,21.592173913043478,6.109891012058166,24.015625,18.87996518316335,24.932203389830505,5.090574138677053
l_CLI60,Climate,Precipitation seasonality (coefficient of variation) [sd],kg/m²,0.04674272517321016,0.049941068965412554,0.06451521739130435,0.07336294939435711,0.037375000000000005,0.038006423851347206,0.04742033898305085,0.03942363101797866
l_CLI69,Climate,Precipitation of warmest quarter [minimum],kg/m²,327.43903002309474,100.75553461492052,193.24739130434781,66.03598706047676,343.1390625,69.45185066657262,338.3610169491526,62.140383384911985
l_CLI72,Climate,Precipitation of warmest quarter [sd],kg/m²,2.4796383371824477,2.769675840365221,1.695614347826087,2.2134060797948294,1.769140625,1.8016711691691905,2.811708474576271,2.1861902791502574
l_CLI73,Climate,Precipitation of coldest quarter [minimum],kg/m²,211.17713625866054,91.56628447682648,183.74391304347824,55.200606227220625,316.046875,100.28912167621823,207.071186440678,43.88283008369328
l_CLI76,Climate,Precipitation of coldest quarter [sd],kg/m²,1.551485219399538,1.8184215555957044,1.5752960869565218,2.093867508004345,1.839046875,2.004494941966937,1.6791440677966103,1.2777623496419348
l_CLI8,Climate,Mean diurnal range (mean of monthly (max temp – min temp)) [sd],°C,0.0075381062355658205,0.016040474071622377,0.011210000000000003,0.018834427619533835,0.0052,0.013637099258657475,0.010147457627118644,0.018252608277781537
l_CLI9,Climate,Isothermality (bio2 / bio7) (× 100) [minimum],°C,30.18591224018476,1.5994820231188545,32.458260869565216,2.0569610266785228,31.1765625,3.626215929076165,30.345762711864406,1.888195821403313
u_CLI11,Climate,Isothermality (bio2 / bio7) (× 100) [mean],°C,30.94240635103926,1.4653964258546166,32.84779217391304,1.490646955244152,31.817617187499998,3.4272591089815085,31.00438220338983,1.8060687501654997
u_CLI15,Climate,Temperature seasonality (standard deviation × 100) [mean],°C/100,717.0947501154734,35.59868516564011,724.4567308695653,22.564075733656722,694.8959562499999,79.24328326701756,727.5477474576272,48.18062383510028
u_CLI19,Climate,Max temperature of warmest month [mean],°C,23.06251362586605,1.781179632079597,22.58767086956522,2.2837737080891074,24.0807890625,2.543303048132562,21.84650508474577,1.5317251201160047
u_CLI23,Climate,Min temperature of coldest month [mean],°C,-5.11995300230947,1.683437259897678,-6.58187652173913,2.028632944359282,-3.9932156250000004,3.8057167437476047,-6.319848305084745,1.6884196017937059
u_CLI27,Climate,Temperature annual range (bio5 – bio6) [mean],°C,28.289937182448035,1.1347546014808045,29.268072173913044,0.9160645429338378,28.187807812499997,1.9003448732373776,28.24179152542373,1.188870735162971
u_CLI3,Climate,Annual mean air temperature [mean],°C,8.805767321016168,1.6040951176216238,8.097465217391305,1.9867118784232038,9.816096875,3.1803136431989003,7.79283813559322,1.4050515366158156
u_CLI31,Climate,Mean temperature of wettest quarter [mean],°C,15.110363279445727,3.1808597890809347,10.997132608695653,4.559229947115934,12.167209374999999,4.15374709338252,15.149650847457627,1.6087169500260114
u_CLI35,Climate,Mean temperature of driest quarter [mean],°C,2.2940794457274825,3.6941662964029303,6.469804347826086,7.299420620651088,4.346343750000001,6.499629388210322,-0.05168983050847461,2.7948720664505973
u_CLI43,Climate,Mean temperature of coldest quarter [mean],°C,-0.5156437644341801,1.6729880315262298,-1.2874060869565216,1.8874205182507355,0.7855093750000001,4.027100279454651,-1.811927966101695,1.784128133597008
u_CLI47,Climate,Annual precipitation [mean],kg/m²,1099.2091616628175,368.3516669549505,882.9998865217391,207.86132731267634,1333.0691296875,349.65237125035776,1096.8978559322034,171.8185928321679
u_CLI51,Climate,Precipitation of wettest month [mean],kg/m²,133.34015715935337,45.978272446158456,104.5683647826087,29.547410807144068,156.887071875,41.18215656972573,136.09217542372878,19.727550791907078
u_CLI55,Climate,Precipitation of driest month [mean],kg/m²,57.65376224018476,15.706862729861847,49.74029086956522,9.056583165348679,71.30840625,23.405051531515515,57.51037542372882,9.788168442503695
u_CLI59,Climate,Precipitation seasonality (coefficient of variation) [mean],kg/m²,25.2461811778291,7.3243355307890505,21.92442,4.876174017025482,24.654803125,18.798671531860112,25.02972288135593,4.5126939262496535
u_CLI67,Climate,Precipitation of driest quarter [mean],kg/m²,195.1911851039261,56.8631177723141,165.0083104347826,31.647022433768914,249.83462500000002,88.02005121987877,198.4998737288136,35.928330542699335
u_CLI7,Climate,Mean diurnal range (mean of monthly (max temp – min temp)) [mean],°C,8.750627020785219,0.4936853330222963,9.619073913043477,0.595121736632572,8.9189453125,0.4988874721006214,8.741937288135594,0.28959365342297105
u_CLI71,Climate,Precipitation of warmest quarter [mean],kg/m²,331.9362862586605,90.99278194982611,236.63163043478264,65.05445287558615,332.6233828125,61.29559827978356,352.84523983050843,62.02912343353445
u_CLI75,Climate,Precipitation of coldest quarter [mean],kg/m²,219.4183266743649,96.84535462816743,204.05067826086957,65.70029732253685,287.874696875,106.74001766515094,219.7848855932203,44.951199846660394
l_LAC1,Land Cover,"Cropland, rainfed (codes 10, 11, 12)",%,0.12855889145496535,0.26984780839403605,0.16126521739130437,0.3079761150335773,0.07040625,0.21555132109038336,0.08655932203389831,0.18621958406458647
l_LAC10,Land Cover,Mosaic tree & shrub (>50%) / herbaceous (<50%) (100),%,0.07518706697459583,0.18508552732437603,0.07932608695652173,0.20273426304541836,0.073765625,0.20750488555636906,0.04484745762711864,0.13804144974200017
l_LAC11,Land Cover,Mosaic herbaceous (>50%) / tree & shrub (<50%) (110),%,0.0007182448036951501,0.010542860699400903,0.00014782608695652175,0.0022418936095456887,0.0,0.0,0.012610169491525424,0.08724085110597524
l_LAC12,Land Cover,"Shrubland (120, 121, 122)",%,0.0,0.0,0.013043478260869565,0.11370822934230945,0.0,0.0,0.0,0.0
l_LAC13,Land Cover,Grassland (130),%,0.09064434180138567,0.24794296885983982,0.024856521739130433,0.10558252355586725,0.011203125,0.06194779668308543,0.08654237288135593,0.2166011209282534
l_LAC19,Land Cover,Urban areas (190),%,0.012905311778290993,0.08836161913188634,0.01848695652173913,0.10276235910688361,0.00975,0.078,0.0,0.0
l_LAC21,Land Cover,Water bodies (210),%,0.009237875288683603,0.09577955615347497,0.013043478260869565,0.11370822934230945,0.03125,0.17536809360305042,0.0,0.0
l_LAC3,Land Cover,Mosaic cropland (>50%) / natural vegetation (<50%) (30),%,0.08699307159353346,0.20683347311311598,0.07015652173913045,0.19023362291971108,0.11501562500000001,0.25968115322311275,0.04428813559322034,0.153876915752937
l_LAC4,Land Cover,Mosaic natural vegetation (>50%) / cropland (<50%) (40),%,0.006385681293302541,0.04890506182674594,0.020713043478260872,0.06982026397428731,0.0033125,0.026499999999999996,0.025389830508474577,0.12569119478516583
l_LAC6,Land Cover,"Tree cover, broadleaved, deciduous (closed to open >15%) (60, 61, 62)",%,0.4359145496535797,0.4338782680402787,0.41376956521739133,0.43203486630969273,0.4819375,0.409794058808715,0.6414406779661018,0.4090127420317856
l_LAC7,Land Cover,"Tree cover, needleleaved, evergreen (closed to open >15%) (70, 71, 72)",%,0.04807159353348729,0.17585143917181173,0.12199565217391305,0.3024374849376713,0.01934375,0.11488727653453974,0.01740677966101695,0.10506814186994237
l_LAC9,Land Cover,"Tree cover, mixed leaf type (broad + needle) (90)",%,0.10159815242494227,0.2358447586480634,0.043091304347826084,0.14739385319269563,0.184,0.3248066091281601,0.04093220338983051,0.16625788696944319
u_LAC1,Land Cover,"Cropland, rainfed (codes 10, 11, 12)",%,0.06598475750577368,0.14401051096058418,0.07837695652173914,0.15597186438515054,0.0333078125,0.08888158040236141,0.04476101694915255,0.09101770956314158
u_LAC10,Land Cover,Mosaic tree & shrub (>50%) / herbaceous (<50%) (100),%,0.04935127020785218,0.09777534768683248,0.04792130434782608,0.09271365330526167,0.025564062499999998,0.047864429471486995,0.040703389830508474,0.07448763138729973
u_LAC11,Land Cover,Mosaic herbaceous (>50%) / tree & shrub (<50%) (110),%,0.0017510392609699772,0.011931032718985768,0.0002465217391304348,0.0015474055161472952,5.9375e-05,0.0003145764348029481,0.022659322033898303,0.06651438039651603
u_LAC12,Land Cover,"Shrubland (120, 121, 122)",%,0.0,0.0,0.004347826086956522,0.06593804733957884,0.03125,0.17536809360305042,0.0,0.0
u_LAC13,Land Cover,Grassland (130),%,0.06402205542725173,0.17863164786161478,0.03393869565217392,0.08595426796673541,0.01673125,0.06687577117193692,0.04613813559322034,0.09206863553845214
u_LAC15,Land Cover,"Sparse vegetation (tree, shrub, herbaceous <15%) (150, 151, 152, 153)",%,0.00016535796766743648,0.0013708441991422027,0.002408695652173913,0.016915059129825164,2.8125e-05,0.0002249999999999999,5.084745762711864e-06,3.905667329424716e-05
u_LAC18,Land Cover,Shrub or herbaceous flooded (fresh/saline/brackish water) (180),%,3.464203233256351e-05,0.0006598266633966807,0.00037217391304347823,0.002522771326563053,0.0,0.0,0.0,0.0
u_LAC19,Land Cover,Urban areas (190),%,0.005275750577367205,0.02728606920465726,0.0037443478260869565,0.015957493708850665,0.000146875,0.0006195156197987291,0.0009322033898305085,0.00450246831453999
u_LAC2,Land Cover,"Cropland, irrigated / post-flooding (20)",%,0.0,0.0,0.004347826086956522,0.06593804733957884,0.0,0.0,0.0,0.0
u_LAC20,Land Cover,"Bare areas (200, 201, 202)",%,0.0007066974595842956,0.004733824939593833,0.0036973913043478264,0.014337872168415654,0.0003625,0.0028999999999999994,2.2033898305084744e-05,0.000169245584275071
u_LAC21,Land Cover,Water bodies (210),%,0.00254203233256351,0.031234491522592108,0.002077391304347826,0.010467901120266649,0.0085765625,0.04897966452725438,3.0508474576271185e-05,0.00023434003976548296
u_LAC3,Land Cover,Mosaic cropland (>50%) / natural vegetation (<50%) (30),%,0.05123060046189377,0.11678433492708187,0.021705652173913043,0.04436180359913744,0.05062968749999999,0.12713656003806895,0.020099152542372878,0.05364283984383016
u_LAC4,Land Cover,Mosaic natural vegetation (>50%) / cropland (<50%) (40),%,0.0050981524249422636,0.023264416006728357,0.028774347826086958,0.07089853438203378,0.0001703125,0.0008501502551603485,0.005694915254237288,0.021551689458768123
u_LAC6,Land Cover,"Tree cover, broadleaved, deciduous (closed to open >15%) (60, 61, 62)",%,0.5343109699769053,0.3219395906979742,0.48205043478260867,0.2929740062910969,0.5425125,0.3141821770833371,0.6364906779661017,0.30474390894800796
u_LAC7,Land Cover,"Tree cover, needleleaved, evergreen (closed to open >15%) (70, 71, 72)",%,0.0361230946882217,0.1196735463924319,0.14467347826086957,0.29155772352901355,0.03282499999999999,0.14426464878440906,0.05632881355932204,0.12044041458667219
u_LAC8,Land Cover,"Tree cover, needleleaved, deciduous (>15%) (80, 81, 82)",%,0.0004949191685912239,0.005663800096472573,0.0,0.0,0.0,0.0,0.0,0.0
u_LAC9,Land Cover,"Tree cover, mixed leaf type (broad + needle) (90)",%,0.07409180138568129,0.14850845560160333,0.029603478260869565,0.054069171983930985,0.15818749999999998,0.2791570572617637,0.05181101694915255,0.09690498282080083
l_SOL1,Soil,Derived saturated water content (volumetric fraction) [minimum],v%,40.108545034642034,1.4059219850957323,40.04347826086956,0.8294924459366456,41.359375,1.3376974709587828,39.6271186440678,0.963082427180019
l_SOL10,Soil,Clay fraction by weight (<0.0002 mm) [maximum],w%,29.369515011547342,5.179839300683794,27.360869565217392,4.937623062901489,34.4375,3.313632256325184,27.0,4.343048349433523
l_SOL11,Soil,Clay fraction by weight (<0.0002 mm) [mean],w%,27.70167713625866,5.098183515189061,25.730363913043472,4.864677783174018,32.7077578125,3.5673959447035317,25.613206779661017,4.301519272699069
l_SOL12,Soil,Clay fraction by weight (<0.0002 mm) [sd],w%,1.0422288683602772,0.7058762370030703,0.909143043478261,0.4186580573839836,0.9759281249999999,0.6702506116155595,0.8720016949152541,0.4318755446092781
l_SOL13,Soil,Sand fraction by weight (0.05–2 mm) [minimum],w%,34.39953810623557,6.308408539772838,38.23913043478261,6.571689920474039,29.9375,4.892089500667346,35.11864406779661,4.709069553614936
l_SOL14,Soil,Sand fraction by weight (0.05–2 mm) [maximum],w%,39.16859122401848,6.45402057446139,42.88260869565217,6.441483472166547,34.0,5.63436169819011,39.813559322033896,4.655269821696647
l_SOL15,Soil,Sand fraction by weight (0.05–2 mm) [mean],w%,36.702984757505774,6.250116301428922,40.576696086956524,6.4439343454658635,31.990246875000004,5.174731135565104,37.375930508474575,4.62563454555731
l_SOL16,Soil,Sand fraction by weight (0.05–2 mm) [sd],w%,1.3949826789838335,0.8230994920118793,1.3201126086956525,0.6611980150967164,1.1750140625,0.6178854822409945,1.3516457627118643,0.5493610552965722
l_SOL17,Soil,Silt fraction by weight (0.0002–0.05 mm) [minimum],w%,33.98614318706697,3.0489512689712037,32.16086956521739,2.668797405180726,33.859375,3.4908823985684365,35.11864406779661,2.6528107784575226
l_SOL18,Soil,Silt fraction by weight (0.0002–0.05 mm) [maximum],w%,37.32332563510393,3.1676659282613997,35.36086956521739,2.758906043947799,36.75,3.295017884191656,38.79661016949152,2.9348069372967514
l_SOL19,Soil,Silt fraction by weight (0.0002–0.05 mm) [mean],w%,35.62813187066974,3.0543468751746765,33.72403782608696,2.6361216484816303,35.3136859375,3.2564889428460333,36.991354237288135,2.749681629992451
l_SOL2,Soil,Derived saturated water content (volumetric fraction) [maximum],v%,41.37413394919169,1.6938001736664137,41.19565217391305,1.0494241552051282,42.78125,1.821117309227567,40.94915254237288,1.1359900560146268
l_SOL20,Soil,Silt fraction by weight (0.0002–0.05 mm) [sd],w%,0.9966729792147806,0.492344065213134,0.9529734782608696,0.4143416763397582,0.8636546875,0.3998612711530772,1.0376677966101693,0.35752779946926816
l_SOL21,Soil,Coarse fragments by volume (>2 mm) [minimum],v%,10.090069284064665,5.182209439140271,13.230434782608695,4.566245510637128,5.4375,3.5226027534665554,13.084745762711865,5.608762035617131
l_SOL22,Soil,Coarse fragments by volume (>2 mm) [maximum],v%,14.069284064665126,6.202583369731711,18.33478260869565,5.698088907821897,8.84375,4.765013865966933,18.06779661016949,7.126600018240696
l_SOL23,Soil,Coarse fragments by volume (>2 mm) [mean],v%,11.915188914549653,5.456878944291744,15.598768260869566,4.862088704334131,7.0732375,3.9711303968029936,15.260393220338981,6.339332603996352
l_SOL24,Soil,Coarse fragments by volume (>2 mm) [sd],v%,1.1676122401847577,0.7478028900229541,1.4615017391304348,0.8209221237560062,1.042525,0.6959247968402497,1.4691983050847457,0.7726404482283186
l_SOL25,Soil,Bulk density of the fine earth fraction (< 2 mm) [minimum],kg/m³,1460.5958429561201,52.97676535863784,1466.495652173913,43.51366274680496,1433.515625,54.82091831880838,1465.3050847457628,46.133709059977235
l_SOL26,Soil,Bulk density of the fine earth fraction (< 2 mm) [maximum],kg/m³,1497.027713625866,41.819156169985725,1499.5782608695652,35.17467896982629,1472.125,37.27312321614214,1503.0677966101696,37.16452906903889
l_SOL27,Soil,Bulk density of the fine earth fraction (< 2 mm) [mean],kg/m³,1479.641639491917,45.3969111522029,1483.8693682608696,37.84041773698364,1453.074603125,46.68848351061811,1485.0756186440678,42.04733569065847
l_SOL28,Soil,Bulk density of the fine earth fraction (< 2 mm) [sd],kg/m³,10.364771362586605,7.668053505246097,9.207831304347827,5.559850300235114,10.3985046875,7.280249665818085,11.196494915254238,7.000803983815095
l_SOL29,Soil,Cation exchange capacity of the fine earth fraction  (< 2 mm) [minimum],cmolc/kg,17.97228637413395,3.25308522950024,19.530434782608694,2.3131359803119445,18.140625,2.4872193149448885,16.593220338983052,1.8673108459603782
l_SOL3,Soil,Derived saturated water content (volumetric fraction) [mean],v%,40.720757043879914,1.4451068505613658,40.607592608695654,0.8538418821066659,42.06628125,1.5782850004039195,40.28229830508475,1.0490324276720062
l_SOL30,Soil,Cation exchange capacity of the fine earth fraction  (< 2 mm) [maximum],cmolc/kg,21.08314087759815,3.7941862594384097,22.456521739130434,2.6589760788196193,21.015625,2.8255758648909017,19.050847457627118,1.8884743779913002
l_SOL31,Soil,Cation exchange capacity of the fine earth fraction  (< 2 mm) [mean],cmolc/kg,19.398127482678984,3.2674596231327993,20.89201086956522,2.372262565332296,19.4781046875,2.4607164900214316,17.743089830508474,1.7443142706296892
l_SOL32,Soil,Cation exchange capacity of the fine earth fraction  (< 2 mm) [sd],cmolc/kg,0.9195076212471132,0.6545782801715451,0.8703391304347826,0.3739041821297105,0.8115625,0.4900754582326121,0.7446898305084746,0.26569253146091387
l_SOL33,Soil,"Cumulative probability of Histosols (soils with high organic matter) occurrence (WRB, USDA) [minimum]",%,0.6166281755196305,0.8584550576259454,0.3130434782608696,0.5507472873474726,0.34375,0.5409794175000839,0.6271186440677966,0.7404170559322437
l_SOL34,Soil,"Cumulative probability of Histosols (soils with high organic matter) occurrence (WRB, USDA) [maximum]",%,2.0900692840646653,1.403935686509636,1.4869565217391305,0.9966337875058854,1.828125,1.0473653643066523,2.016949152542373,0.8405975998991227
l_SOL35,Soil,"Cumulative probability of Histosols (soils with high organic matter) occurrence (WRB, USDA) [mean]",%,1.2671344110854506,1.0267760990754415,0.8435126086956523,0.7123904452154124,1.0078734375,0.6817462070818845,1.314313559322034,0.7068472862081819
l_SOL36,Soil,"Cumulative probability of Histosols (soils with high organic matter) occurrence (WRB, USDA)",%,0.4904584295612009,0.2794781839516914,0.3837499999999999,0.2641222853860585,0.4785625,0.26728932513913334,0.4601406779661017,0.213750746817525
l_SOL37,Soil,Soil organic carbon content in ‰ [minimum],g/kg,11.120092378752886,5.357962920561601,10.356521739130434,5.627740561842118,12.5625,4.242172998126284,10.101694915254237,5.040165963517598
l_SOL38,Soil,Soil organic carbon content in ‰ [maximum],g/kg,18.59584295612009,11.330705630559432,17.104347826086958,10.47715244577163,20.703125,9.950161022067903,16.559322033898304,7.730974838028533
l_SOL39,Soil,Soil organic carbon content in ‰ [mean],g/kg,14.247319399538105,7.10305216707817,13.181609565217391,7.142242392111947,15.7183140625,5.285855964527941,13.209598305084745,6.644251955417256
l_SOL4,Soil,Derived saturated water content (volumetric fraction) [sd],v%,0.42238013856812934,0.28475202308483555,0.39739217391304343,0.21673207158959074,0.44749374999999997,0.2535478883886616,0.4643118644067797,0.24838447261477364
l_SOL40,Soil,Soil organic carbon content in ‰ [sd],g/kg,2.130040415704388,2.531270642770297,1.8976078260869564,1.706779503549774,2.2790687500000004,2.6510063160202697,1.9151796610169491,1.2442437288652786
l_SOL41,Soil,"Soil pH in H2O and KCl solution, multiplied by 10 (pH in H2O x 10) [minimum]",pH,61.147806004618936,4.639439525462834,65.24782608695652,5.00867104594403,60.953125,4.064674326554636,59.559322033898304,3.3024086634929106
l_SOL42,Soil,"Soil pH in H2O and KCl solution, multiplied by 10 (pH in H2O x 10) [maximum]",pH,64.05311778290994,4.586559039382708,68.18260869565218,5.285033013238019,63.96875,4.257463101835653,62.40677966101695,3.379035998358094
l_SOL44,Soil,"Soil pH in H2O and KCl solution, multiplied by 10 (pH in H2O x 10) [sd]",pH,0.8589953810623556,0.4578958160017947,0.8832539130434782,0.5759760713866061,0.9215578125000001,0.49647581433913807,0.8502220338983051,0.3832994629519329
l_SOL45,Soil,Soil acidity (WRB class-based) [minimum],pH,0.812933025404157,0.47591912793809305,0.4826086956521739,0.5007873049657763,0.859375,0.35038244411336755,0.9830508474576272,0.2931120430547883
l_SOL46,Soil,Soil acidity (WRB class-based) [maximum],pH,1.0069284064665127,0.4639285115661514,0.6739130434782609,0.4790067883888227,0.96875,0.17536809360305042,1.0847457627118644,0.3845344517644745
l_SOL47,Soil,Soil acidity (WRB class-based) [mean],pH,0.9104586605080832,0.42483823236687496,0.5830291304347825,0.46631353235538364,0.930259375,0.21699090736472865,1.032142372881356,0.3040112459372868
l_SOL48,Soil,Soil acidity (WRB class-based) [sd],pH,0.06830438799076213,0.14853434134705948,0.06776434782608697,0.1504016306885164,0.0437609375,0.12990359260057327,0.039852542372881355,0.12205266437630889
l_SOL5,Soil,Available water capacity (volumetric fraction) [minimum],v%,22.249422632794456,1.8390456183156034,21.56086956521739,1.6462844576996907,23.734375,1.3480401706133618,21.779661016949152,1.2739809532784192
l_SOL53,Soil,Depth to R horizon [minimum],cm,198.10623556581987,6.154476157111554,197.84347826086957,5.542359789927936,198.859375,6.65204870578433,199.33898305084745,2.263733333048762
l_SOL54,Soil,Depth to R horizon [maximum],cm,199.82909930715937,1.6910393943284818,199.91739130434783,0.7099739671179427,199.5,4.0,200.0,0.0
l_SOL55,Soil,Depth to R horizon [mean],cm,199.27688891454966,3.6580690395947575,199.3771647826087,2.358736438852019,199.2271875,5.875750172882351,199.90275932203392,0.4276728031949602
l_SOL56,Soil,Depth to R horizon [sd],cm,0.49284180138568123,1.5542872371710545,0.5971552173913044,1.5980087641909801,0.168615625,0.8580318529660568,0.18077627118644066,0.6484731372786873
l_SOL57,Soil,Probability of occurrence of R horizon [minimum],%,12.390300230946883,6.835202871113807,14.891304347826088,7.371099770615323,7.625,5.396942108915392,13.983050847457626,3.993492661230392
l_SOL58,Soil,Probability of occurrence of R horizon [maximum],%,19.87066974595843,7.529995189883005,23.07391304347826,7.665992353876834,14.8125,5.887503580695167,20.847457627118644,4.35420351528083
l_SOL59,Soil,Probability of occurrence of R horizon [mean],%,15.982979676674365,7.127073007839665,18.791811304347828,7.306352740726663,10.9169609375,5.36048438455158,17.162452542372883,3.7703265258008116
l_SOL6,Soil,Available water capacity (volumetric fraction) [maximum],v%,23.51270207852194,1.7388401696459546,22.778260869565216,1.6209481622650157,24.78125,1.2531705821381651,22.8135593220339,1.1060114152804057
l_SOL60,Soil,Probability of occurrence of R horizon [sd],%,2.1652177829099304,1.0311890743990109,2.364884782608695,1.2129566479340554,2.0549171875,1.0854985399235189,1.9705508474576272,0.8385874499198414
l_SOL7,Soil,Available water capacity (volumetric fraction) [mean],v%,22.919336720554274,1.7353940471289269,22.140630869565214,1.585004940373365,24.2272125,1.1937146449181495,22.327849152542374,1.148225263459144
l_SOL8,Soil,Available water capacity (volumetric fraction) [sd],v%,0.4280484988452656,0.2602751446632088,0.41130826086956523,0.21016186000011744,0.35643437499999997,0.24655000150891832,0.36427796610169494,0.20832536726012943
l_SOL9,Soil,Clay fraction by weight (<0.0002 mm) [minimum],w%,25.89838337182448,5.256285670236188,24.17391304347826,4.790384965185603,31.125,4.0178174601214955,24.203389830508474,4.401330758856953
u_SOL11,Soil,Clay fraction by weight (<0.0002 mm) [mean],w%,26.49784988452656,4.39210135775705,23.645900869565217,4.741233742033095,31.1273265625,4.62101686250645,24.311354237288135,3.706845014960651
u_SOL15,Soil,Sand fraction by weight (0.05–2 mm) [mean],w%,37.9204148960739,5.051439448506202,42.16363434782608,6.408278167608197,34.3837671875,6.997191574080452,38.71983474576272,3.9220907200735984
u_SOL19,Soil,Silt fraction by weight (0.0002–0.05 mm) [mean],w%,35.55639965357968,2.1335902002136646,34.16335130434783,2.260217648632633,34.4713015625,4.343812635332069,36.934655084745756,2.395637901005142
u_SOL23,Soil,Coarse fragments by volume (>2 mm) [mean],v%,13.177143302540415,5.055788152774053,16.732504782608697,4.266999013043392,9.447198437499999,4.666608366752915,16.85894661016949,4.82626647802262
u_SOL27,Soil,Bulk density of the fine earth fraction (< 2 mm) [mean],kg/m³,1466.1242015011544,46.93736755198345,1458.8263569565217,41.19950332316066,1451.839728125,45.354323038333035,1463.0670584745762,50.32551458357186
u_SOL3,Soil,Derived saturated water content (volumetric fraction) [mean],v%,40.99257471131639,1.4060331432880606,41.04423173913043,0.8826499916037982,41.9122015625,1.6836582253413017,40.781824576271184,1.2799502562523357
u_SOL31,Soil,Cation exchange capacity of the fine earth fraction  (< 2 mm) [mean],cmolc/kg,19.393919515011547,2.544820397369359,20.080719565217393,1.846450396404974,19.82144375,1.8163101895444116,18.142351694915256,1.1728696012553146
u_SOL35,Soil,"Cumulative probability of Histosols (soils with high organic matter) occurrence (WRB, USDA) [mean]",%,1.3151107390300232,0.8934863303991271,1.0567426086956524,0.4652138716613876,1.1434625,0.6593609056418867,1.675216101694915,0.9864827796372059
u_SOL39,Soil,Soil organic carbon content in ‰ [mean],g/kg,15.91097309468822,6.647198271176264,16.092928260869567,5.319113990485914,16.008081249999996,5.51317019029728,17.10840593220339,7.284635158645647
u_SOL43,Soil,"Soil pH in H2O and KCl solution, multiplied by 10 (pH in H2O x 10) [mean]",pH,60.93483868360277,3.0458412551422867,62.72295956521739,4.100513048629693,61.76589375,2.8874565800143657,58.91584152542373,2.8493186942936157
u_SOL47,Soil,Soil acidity (WRB class-based) [mean],pH,1.0419653579676673,0.2811509363822804,0.8735000000000002,0.3203605257563453,0.97525,0.15434968955805078,1.2505559322033897,0.38016777161704696
u_SOL55,Soil,Depth to R horizon [mean],cm,198.55674711316396,5.606180868630884,197.17009695652172,5.732571051558776,199.42501093750002,2.805848029809598,199.27328813559322,1.2729657134484917
u_SOL59,Soil,Probability of occurrence of R horizon [mean],%,18.06392505773672,5.955166879325456,22.254756086956522,6.573753956788693,14.3576265625,5.145349619200531,18.765460169491522,3.7638919136059936
u_SOL7,Soil,Available water capacity (volumetric fraction) [mean],v%,22.82692702078522,1.3536230362762114,21.888685652173912,1.542406463319636,23.901384375,1.8003302042997242,22.370372881355937,0.79559769547492
l_TOP1,Topography,"Cell maximum curvature (between highest upstream cell, focal cell, and downstream cell) [minimum]",m⁻¹,-294659.61893764435,94043.03237769373,-302309.847826087,104202.52888057823,-287864.234375,94755.19268825662,-322965.23728813557,74442.79642145486
l_TOP10,Topography,Cell elevation difference (between focal cell and downstream cell) [maximum],m,44.685912240184756,25.28098044720398,51.48695652173913,28.11792547566178,43.28125,26.000896657310243,51.33898305084746,18.42282146339484
l_TOP101,Topography,Cell upstream distance (between focal cell and next cell) [minimum],–,77.27020785219399,16.674261164242445,80.43478260869566,15.713388408616574,80.125,18.650928739801213,76.0677966101695,17.034310616071785
l_TOP102,Topography,Cell upstream distance (between focal cell and next cell) [maximum],–,111.26096997690532,9.001222961226292,111.9608695652174,11.527572381240835,108.578125,15.414695819970701,108.96610169491525,12.518904465805406
l_TOP103,Topography,Cell upstream distance (between focal cell and next cell) [mean],–,94.00310184757505,12.637725151696067,95.61857,12.917222669301246,94.8550828125,15.60238148378551,91.91488474576272,14.414593000627136
l_TOP104,Topography,Cell upstream distance (between focal cell and next cell) [sd],–,14.985669745958429,8.227551146848816,14.075531304347825,8.206526461749823,12.6707328125,9.188101501744883,14.536761016949153,8.540331428863485
l_TOP105,Topography,Strahler’s stream order,–,2.7113163972286376,1.4632176536578128,3.234782608695652,1.7299339148980701,2.859375,1.6121285101794254,3.0338983050847457,1.3641481072249277
l_TOP106,Topography,Horton’s stream order,–,3.092378752886836,1.725560060641427,3.734782608695652,2.003078132509162,3.15625,1.747730955285593,3.4237288135593222,1.7439885897138245
l_TOP107,Topography,Hack’s stream order,–,4.272517321016166,1.3435743477961202,3.4347826086956523,1.4150188468052733,4.9375,1.7806276760274509,5.3559322033898304,1.141123340433887
l_TOP108,Topography,Shreve’s stream magnitude,–,127.0230946882217,1210.3067771584854,416.9826086956522,1599.1871624304165,127.765625,477.5864832240684,165.08474576271186,953.4155169005509
l_TOP109,Topography,Topological dimension of streams,–,3853.2609699769055,1944.4988187895767,1680.5478260869565,1523.6568298856744,4428.265625,2297.1884074052487,4779.0,957.5072341493175
l_TOP11,Topography,Cell elevation difference (between focal cell and downstream cell) [mean],m,18.52420946882217,11.189666367400301,21.11237,11.747904742605092,16.889182812499996,10.21303782107847,21.557508474576267,8.621197091217471
l_TOP110,Topography,Length of the stream reach,m,636.9113073903002,486.23157745442404,681.9298630434782,824.1443625518014,611.7951953125,552.0694160621417,581.0549322033899,425.3102219830819
l_TOP112,Topography,Sinusoid of the stream reach (fractal dimension: stream length/straight stream length),m,0.9867129330254042,0.16305808715317802,0.9617382608695652,0.15395279182431007,0.9796078125000001,0.18954424478640025,0.9426423728813559,0.13501546808369239
l_TOP113,Topography,Accumulated length of stream from source,m,7383.047765588914,19518.875543408532,14642.71890130435,29984.977819703636,7800.22065625,14154.34194391314,8164.4736389830505,16694.534194646272
l_TOP115,Topography,Source elevation (elevation of stream init),m,464.46674387990765,221.61868963021797,747.4713091304346,322.0091397548237,473.17343750000003,234.56430616715446,514.1610169491526,200.29307579829387
l_TOP116,Topography,Outlet elevation (elevation of stream outlet),m,428.3461896073903,210.91770223791627,702.5191347826086,327.75282986655776,443.8828125,215.73240593323496,480.09152542372885,191.0988120356222
l_TOP117,Topography,Difference between source elevation and outlet elevation + outlet drop,m,41.736258660508085,53.648789405481715,51.08695826086957,87.00075969251458,33.9140625,55.615545009702004,40.94067796610169,48.961663816401995
l_TOP118,Topography,Outlet drop (drop at the outlet of the stream),m,5.615704387990763,7.076024531590487,6.134784782608696,10.192098674490623,4.6234375000000005,5.613214063530435,6.871186440677966,8.704577686827768
l_TOP119,Topography,Mean gradient of the sub-catchment (downstream elevation difference divided by distance),m,0.06699792147806005,0.07616146663700335,0.07089956521739131,0.08392146853997616,0.051803125,0.058863673463108196,0.07001186440677966,0.0714288772974999
l_TOP12,Topography,Cell elevation difference (between focal cell and downstream cell) [sd],m,11.78784503464203,6.699398949413818,14.00083043478261,7.885556224503891,11.381278125,7.026748149646569,13.913008474576271,6.289636858638789
l_TOP121,Topography,Elevation of the sub-catchment [maximum],m,548.0739032332564,239.68591728691393,851.0913091304348,346.9562501562409,558.690625,246.59640615743348,615.4101694915254,218.5830471822735
l_TOP123,Topography,Elevation of the sub-catchment [sd],m,31.67892494226328,23.72023552086395,39.94992304347826,31.14496099321174,31.050039062499998,26.759236799860144,36.60652542372881,16.759781596270496
l_TOP124,Topography,"Long-term mean annual flow (FLO1K, 1980-2010) [minimum]",m³/s,0.47184550053117785,5.943054774824235,0.2998337677391304,1.3040700965729943,0.26066197703124994,0.8073654479360779,0.07624858677966102,0.14067248925598116
l_TOP125,Topography,"Long-term mean annual flow (FLO1K, 1980-2010) [maximum]",m³/s,3.6122749930715936,23.651170432508366,4.207836346608696,13.988593563378364,1.09548332671875,2.4898750464174104,1.9748864027118649,12.431887632221478
l_TOP126,Topography,"Long-term mean annual flow (FLO1K, 1980-2010) [mean]",m³/s,2.1125609026327945,14.491296415362688,1.8865549016956522,6.23441731695901,0.68667574265625,1.7232064682002581,1.4154183445762716,9.11556800736443
l_TOP127,Topography,"Long-term mean annual flow (FLO1K, 1980-2010) [sd]",m³/s,1.3155298144803695,10.504358265729483,1.429245592521739,5.326968184119021,0.3242830584375,1.0147774693266711,0.8187547533898306,5.49250334656804
l_TOP128,Topography,"Long-term standart deviation annual flow (FLO1K, 1980-2010) [minimum]",m³/s,0.08300728856812933,0.8920887017001226,0.09987179491304346,0.4613694133263299,0.05641357171874999,0.20140031482235526,0.01768101627118644,0.03717566523215064
l_TOP129,Topography,"Long-term standart deviation annual flow (FLO1K, 1980-2010) [maximum]",m³/s,0.6237638853348731,3.5809291780731956,1.2449651163913042,4.008565376293763,0.22403453890625002,0.5129183125903474,0.32140546830508476,1.7687169174074315
l_TOP13,Topography,Cell gradient [minimum],–,13373.621247113164,32273.819511284244,8757.730434782608,20058.342560549758,9050.515625,19205.268222334606,13429.389830508475,29232.944304751833
l_TOP130,Topography,"Long-term standart deviation annual flow (FLO1K, 1980-2010) [mean]",m³/s,0.36341234628175517,2.226515940072815,0.5509492872173912,1.666174292356886,0.14147887515625002,0.3625285061275878,0.2266407969491525,1.2976093450012525
l_TOP131,Topography,"Long-term standart deviation annual flow (FLO1K, 1980-2010) [sd]",m³/s,0.22085299482678986,1.5319163956644044,0.41125478352173916,1.391070969621193,0.06598029796874999,0.20803009703497136,0.1289159020338983,0.782612318916503
l_TOP132,Topography,Accumulated number of cells that drain through each cell,km²,49.58145404157043,472.9407062041995,177.65155739130435,643.5175860423377,2292.3019,17961.687695864846,63.94498135593219,366.0369457982149
l_TOP134,Topography,"Stream power index – a measure of the erosive power of flowing water (Moore et al., 1991)",–,8675.0623556582,95628.62841081913,21339.782608695652,81999.97359375258,31182.203125,182913.89984736202,12832.186440677966,76681.33213466886
l_TOP135,Topography,"Stream power index – a measure of the erosive power of flowing water (Moore et al., 1991)",–,1076.9676782909933,13034.358840477333,2525.276629130435,9221.983882022894,1071.9143359375,4004.099424396028,706.8133983050848,2944.1069758343674
l_TOP137,Topography,"Sediment transportation index – a metric for describing the erosion and deposition of sediments (Mojaddadi et al., 2017)",–,76.24711316397229,110.07188895523996,101.62608695652175,106.66287427597929,47.265625,60.847256642128215,103.76271186440678,100.62363110793895
l_TOP138,Topography,"Sediment transportation index – a metric for describing the erosion and deposition of sediments (Mojaddadi et al., 2017)",–,2197.175519630485,3617.7608050104286,3980.8608695652174,6070.152688866047,2088.703125,4026.7579801996035,2836.6610169491523,3835.9922629914136
l_TOP139,Topography,"Sediment transportation index – a metric for describing the erosion and deposition of sediments (Mojaddadi et al., 2017)",–,457.9305889145497,454.1325355075908,727.5425395652173,754.3055260055796,384.6876390625,429.9024904547145,548.5288050847457,316.62876000547436
l_TOP14,Topography,Cell gradient [maximum],–,457721.86605080834,285501.77740699163,498717.39130434784,274724.06496854586,434189.921875,243885.49997757384,516096.9661016949,203821.42764946914
l_TOP140,Topography,"Sediment transportation index – a metric for describing the erosion and deposition of sediments (Mojaddadi et al., 2017)",–,477.09564665127016,847.5771541190945,921.8031769565217,1448.136451501935,442.175703125,793.450410113497,580.1504610169492,667.0527570560808
l_TOP141,Topography,"Compound topographic index – a steady state wetness index, also known as topographic wetness index (TWI) (Beven & Kirkby, 1979)",–,-349647990.92378753,81703678.01779333,-353755263.62608695,77333971.51334947,-347892000.65625,78574064.60823691,-375884265.2542373,46255673.47525581
l_TOP142,Topography,"Compound topographic index – a steady state wetness index, also known as topographic wetness index (TWI) (Beven & Kirkby, 1979)",–,404404344.7274827,274895821.39456433,508714839.24347824,320633088.7905716,434870011.4375,318596337.0850843,418571786.5254237,279639159.3993244
l_TOP143,Topography,"Compound topographic index – a steady state wetness index, also known as topographic wetness index (TWI) (Beven & Kirkby, 1979)",–,-126152756.86290993,128376648.8101616,-103811096.63869566,137071574.07462755,-120276299.8984375,139627056.06109738,-155254675.6779661,89560798.77074933
l_TOP144,Topography,"Compound topographic index – a steady state wetness index, also known as topographic wetness index (TWI) (Beven & Kirkby, 1979)",–,236841368.68360278,103650104.81890236,274192566.4782609,123752743.12607844,234976357.71875,103446183.98776211,246602632.77966103,97023131.72172321
l_TOP16,Topography,Cell gradient [sd],–,116513.65081224019,66027.1204939263,134012.83274086958,75542.37545816581,111672.18951406251,64582.59494156588,135315.3840677966,61598.23769433677
l_TOP17,Topography,Shortest upstream distance (between focal grid cell and the nearest sub-catchment drainage divide) [minimum],m,0.4110854503464203,8.554134097713387,0.0,0.0,0.0,0.0,0.0,0.0
l_TOP18,Topography,Shortest upstream distance (between focal grid cell and the nearest sub-catchment drainage divide) [maximum],m,211.69515011547344,113.37635784452968,221.37826086956522,122.5670494929873,224.03125,146.43693791429226,207.89830508474577,58.86328254150029
l_TOP19,Topography,Shortest upstream distance (between focal grid cell and the nearest sub-catchment drainage divide) [mean],m,50.93526304849885,25.811917008433362,54.24409043478261,35.29646803589669,52.540521875,29.670853405525975,51.94194576271186,14.342085479423018
l_TOP2,Topography,"Cell maximum curvature (between highest upstream cell, focal cell, and downstream cell) [maximum]",m⁻¹,168358.15473441107,83647.7043203041,181584.8347826087,94250.95108402526,161032.21875,81409.22253134308,199551.77966101695,77014.29591720636
l_TOP20,Topography,Shortest upstream distance (between focal grid cell and the nearest sub-catchment drainage divide) [sd],m,62.73157182448037,25.04597613925241,65.93873260869566,27.440879968138564,64.8256671875,26.15271427910422,63.25064237288136,12.08276591865032
l_TOP23,Topography,Longest upstream distance (between focal grid cell and the furthest sub-catchment drainage divide) [mean],m,1441.2999849884527,3730.7387274824255,2806.981653478261,6166.341086914256,1487.7409781249999,3572.8277533872483,1288.471654237288,1955.7549562845884
l_TOP26,Topography,Distance between focal grid cell and its nearest downstream stream grid cell [maximum],m,412.00461893764435,204.09063204793893,475.18260869565216,381.5629334530605,451.875,216.46661093756157,405.7457627118644,144.5590910344325
l_TOP27,Topography,Distance between focal grid cell and its nearest downstream stream grid cell [mean],m,158.34581570438797,66.6107331945032,174.76659130434786,109.38864559860028,176.35274531250002,73.6702258246218,158.7490372881356,54.442068565323126
l_TOP28,Topography,Distance between focal grid cell and its nearest downstream stream grid cell [sd],m,113.60457852193996,51.26963102234935,129.37279521739129,94.83439932656833,124.0324578125,54.31284539262432,114.1767813559322,36.552460581860146
l_TOP3,Topography,"Cell maximum curvature (between highest upstream cell, focal cell, and downstream cell) [mean]",m⁻¹,-77644.831556582,37951.327900707634,-80078.82965565215,38110.92146134241,-71903.3408734375,29287.60814537302,-84875.38762711865,28999.963966292536
l_TOP32,Topography,Distance between focal grid cell and the outlet grid cell in the network [sd],m,216.742268591224,135.29135358695098,238.6897352173913,239.0152290289536,217.824596875,145.7520781489723,203.15072033898306,106.64929090515157
l_TOP38,Topography,Euclidean distance between focal grid cell and the stream network [maximum],m,264.59815242494227,92.64170925061158,271.75652173913045,97.7150380907237,285.5625,106.73656563916812,259.59322033898303,72.67549951053508
l_TOP39,Topography,Euclidean distance between focal grid cell and the stream network [mean],m,114.74776512702078,38.77533829949443,118.33620217391302,41.32197345985947,126.1763,47.420234129130854,112.8304813559322,30.83470895487005
l_TOP4,Topography,"Cell maximum curvature (between highest upstream cell, focal cell, and downstream cell) [sd]",m⁻¹,138962.8047374134,58418.4040998135,149213.12482913045,68591.16580294349,130470.13858281248,54262.09839891265,157839.56618644067,50422.94172744817
l_TOP40,Topography,Euclidean distance between focal grid cell and the stream network [sd],m,74.75589376443418,22.20346229264087,76.25644913043479,23.17060731614365,79.5165578125,27.109700530087917,73.68506779661017,17.441415848376934
l_TOP42,Topography,Elevation difference of the shortest path from focal grid cell to the sub-catchment drainage divide [maximum],m,56.277136258660505,41.025250344806864,67.02173913043478,46.35419415478507,53.40625,49.36476435999123,67.01694915254237,30.973009120525056
l_TOP43,Topography,Elevation difference of the shortest path from focal grid cell to the sub-catchment drainage divide [mean],m,11.291680831408776,8.610276184598927,13.309588695652174,9.514512785193448,10.070457812499999,7.880135273208512,13.588227118644067,6.1335210305065155
l_TOP44,Topography,Elevation difference of the shortest path from focal grid cell to the sub-catchment drainage divide [sd],m,15.624205773672056,10.509430058316099,18.53017739130435,11.741621509290542,14.3096609375,10.776193057532508,18.80260508474576,7.973952840156673
l_TOP46,Topography,Elevation difference of the longest path from focal grid cell to the sub-catchment drainage divide [maximum],m,417.9676674364896,407.419866999953,718.5521739130435,565.1882357299029,324.40625,241.17771348971485,493.20338983050846,353.08628327448065
l_TOP47,Topography,Elevation difference of the longest path from focal grid cell to the sub-catchment drainage divide [mean],m,84.7666415704388,90.2993260260964,137.44694652173914,115.43298092936851,63.0941078125,53.83649967339619,92.42366610169493,69.27904667534546
l_TOP48,Topography,Elevation difference of the longest path from focal grid cell to the sub-catchment drainage divide [sd],m,150.3182896073903,161.40103048652702,258.6122452173914,217.38200714804378,113.4144703125,92.5040227197658,171.7999338983051,134.39960923652734
l_TOP49,Topography,Elevation difference between focal grid cell and its nearest downstream stream pixel [minimum],m,-4.023094688221709,6.889634097202007,-5.026086956521739,9.61799702210893,-3.0625,7.365459931328117,-4.220338983050848,7.397734500857562
l_TOP50,Topography,Elevation difference between focal grid cell and its nearest downstream stream pixel [maximum],m,90.0,67.1929918082842,111.07391304347826,74.77096742569314,93.171875,81.27077115450314,106.10169491525424,54.28141706382621
l_TOP51,Topography,Elevation difference between focal grid cell and its nearest downstream stream pixel [mean],m,29.648507621247113,24.071332808943076,36.09731478260869,28.15914541846257,30.9028875,30.14005508107637,35.35352542372881,19.083609377011012
l_TOP52,Topography,Elevation difference between focal grid cell and its nearest downstream stream pixel [sd],m,26.176641570438797,18.97946136756393,32.50317652173913,21.77103347321099,26.545090625,23.799056796100924,31.755113559322037,16.194429086406245
l_TOP53,Topography,Elevation difference between focal grid cell and the outlet grid cell in the network [minimum],m,423.68822170900694,211.1826317625883,693.3347826086956,338.02270680129067,374.640625,242.76890619574039,480.1186440677966,191.13130391451
l_TOP54,Topography,Elevation difference between focal grid cell and the outlet grid cell in the network [maximum],m,543.3949191685912,241.6724878073925,841.9260869565218,356.5694610299742,489.5,278.39032778308695,615.4237288135594,218.61864161529843
l_TOP59,Topography,Elevation difference between focal  grid cell and the downstream stream node grid cell [mean],m,53.12775981524249,46.03298027510991,63.53449347826086,54.123487453269256,48.32425781250001,42.97946802197166,58.30077288135593,33.86243634377914
l_TOP6,Topography,"Cell minimum curvature (between lowest upstream cell, focal cell, and downstream cell) [maximum]",m⁻¹,130658.03464203233,84014.3569865426,142575.3391304348,95298.4750919194,122748.84375,73213.79091687332,168243.0338983051,80140.12640497723
l_TOP61,Topography,Segment downstream mean gradient (between focal cell and the node or outlet) [minimum],–,41775.42494226328,56267.07556768326,3150023.704347826,47081993.29027049,31326.6875,38556.684661152125,52039.35593220339,67291.14081459571
l_TOP65,Topography,Segment upstream mean gradient (between focal cell and the init or node) [minimum],–,47148.94457274827,87982.25015122566,46957.065217391304,81241.76310269878,35104.40625,49120.58288190133,57089.64406779661,86462.86350434578
l_TOP66,Topography,Segment upstream mean gradient (between focal cell and the init or node) [maximum],–,94364.29561200924,117410.87337366202,98009.18260869566,125749.5787051609,81672.484375,105927.55478125728,113335.10169491525,121778.79966345636
l_TOP67,Topography,Segment upstream mean gradient (between focal cell and the init or node) [mean],–,70323.6824147806,98470.85061332461,71152.80343173913,97791.5358581,54860.27905312501,70710.17334405638,79325.99411355933,94821.8760240762
l_TOP68,Topography,Segment upstream mean gradient (between focal cell and the init or node) [sd],–,16327.180073672056,19166.00457289825,17377.26555304348,23550.115519579285,16042.0843453125,23460.367167977565,19769.809655932204,22513.050291055006
l_TOP69,Topography,Cell upstream gradient between focal cell and the next cell [minimum],–,23078.995381062356,50069.95062761515,25661.834782608697,58269.23092246655,14368.125,26774.22096357519,25220.949152542373,49863.97540496569
l_TOP7,Topography,"Cell minimum curvature (between lowest upstream cell, focal cell, and downstream cell) [mean]",m⁻¹,-98834.51245750579,46222.19191928249,-104518.06749956521,48437.93277922654,-91954.0865140625,37734.06580738109,-108606.97806779662,36634.527596692555
l_TOP73,Topography,Cell stream course curvature of the focal cell [minimum],–,37669.67898383372,63189.8666832741,40049.01739130435,66761.26892489819,25492.1875,42177.53620148737,44116.779661016946,63067.81451713589
l_TOP74,Topography,Cell stream course curvature of the focal cell [maximum],–,110778.30254041571,109251.76815514849,111682.56521739131,118451.60466444957,94241.140625,99046.33550152928,111712.20338983051,97048.53218698144
l_TOP75,Topography,Cell stream course curvature of the focal cell [mean],–,69774.23738591225,80652.39480284131,71545.01914826086,84924.35586612816,53473.5144140625,61307.10475033578,73356.83400338983,72662.0546810265
l_TOP76,Topography,Cell stream course curvature of the focal cell [sd],–,25363.35404364896,24601.608769147035,24614.86804608696,25627.916106561992,23853.996729687497,25707.331197996256,24386.689615254236,21564.695878386014
l_TOP79,Topography,Segment downstream elevation difference [mean],–,18.011691916859125,24.568382317459495,21.60535347826087,34.86349795901091,14.0496046875,24.26607933087908,18.164779661016947,24.041325420895
l_TOP8,Topography,"Cell minimum curvature (between lowest upstream cell, focal cell, and downstream cell) [sd]",m⁻¹,117160.75294457274,48420.716416723546,124377.15729869565,55713.19000060082,110572.18658750001,45266.04376186777,133852.41323728816,40342.21498380403
l_TOP85,Topography,Cell upstream elevation difference (between focal cell and the next cell) [minimum],–,2.224018475750577,4.757370063972728,2.4347826086956523,5.5589424943591,1.359375,2.5719314433332685,2.1186440677966103,3.9917360572109906
l_TOP89,Topography,Cell downstream elevation difference (between focal cell and the next cell) [minimum],–,2.8244803695150114,7.483107598068258,2.739130434782609,6.686474592189484,1.78125,3.8851314046948313,2.711864406779661,5.965564538009756
l_TOP9,Topography,Cell elevation difference (between focal cell and downstream cell) [minimum],m,1.1570438799076213,2.667239962752396,0.8565217391304348,2.0176786538446496,0.875,1.864454471471609,1.1355932203389831,2.216378119727864
l_TOP90,Topography,Cell downstream elevation difference (between focal cell and the next cell) [maximum],–,12.517321016166282,12.594468959110095,13.039130434782608,13.984496691414039,9.65625,9.78858867528758,13.084745762711865,11.637170137690665
l_TOP91,Topography,Cell downstream elevation difference (between focal cell and the next cell) [mean],–,6.804157043879907,9.205159721392384,6.9502504347826095,8.924832228588368,4.928921875,5.8299155814756825,7.106798305084746,7.703210790145293
l_TOP92,Topography,Cell downstream elevation difference (between focal cell and the next cell) [sd],–,3.432786836027713,3.305836832139345,3.5695291304347823,3.9902357616454847,2.7969078124999998,2.969236717445025,3.803466101694915,3.358526345587229
l_TOP93,Topography,Segment downstream distance (between focal cell and the node or outlet) [minimum],–,96.45727482678984,20.165832144366345,98.44782608695652,20.071365459546346,96.609375,19.924155545627254,92.55932203389831,21.975120090245536
l_TOP97,Topography,Segment upstream distance (between focal cell and the init or node) [minimum],–,98.04387990762125,20.324005503991728,95.0304347826087,21.006215232943774,93.96875,23.055467106351664,93.67796610169492,22.73190123423399
u_TOP103,Topography,Cell upstream distance (between focal cell and next cell) [mean],–,96.47807378752887,16.086312630553138,96.93060826086956,2.4696367349107327,96.250728125,3.8960585605674645,99.70033135593219,30.548910791376407
u_TOP11,Topography,Cell elevation difference (between focal cell and downstream cell) [mean],m,-732.8526414549654,9245.644346131076,22.304850869565218,7.177573801145787,17.8889,6.000136132152758,-3248.3915161016953,17909.870403503548
u_TOP110,Topography,Length of the stream reach,m,459.6630326789839,104.82168381811043,466.5241321739131,84.28199461002964,457.5871359375,114.45172621387272,451.8532127118645,90.88220573932294
u_TOP112,Topography,Sinusoid of the stream reach (fractal dimension: stream length/straight stream length),m,0.9910321016166282,0.039222052558676467,0.9831347826086956,0.03373818419975562,0.9940687500000001,0.04054025972696966,0.9915203389830509,0.03846321475823728
u_TOP114,Topography,Distance to outlet (distance of current stream init from outlet),m,1319754.5332064664,601590.445408507,733952.1771134781,506299.233460426,1505070.906278125,743301.1765861517,1736295.1081661019,458872.2327309875
u_TOP117,Topography,Difference between source elevation and outlet elevation + outlet drop,m,57.476516628175524,33.4839623634702,73.74895782608696,43.72675192135079,50.55819375,29.46802268991951,62.62590847457628,21.251504177565053
u_TOP119,Topography,Mean gradient of the sub-catchment (downstream elevation difference divided by distance),m,0.12390808314087762,0.06181735121600918,0.15361521739130438,0.07048049985012056,0.11026093749999999,0.05889383134536005,0.14273898305084742,0.047730840232420094
u_TOP122,Topography,Elevation of the sub-catchment [mean],m,669.3676370669746,245.47691415194447,1023.7504517391304,347.1210355530485,618.9845968750001,222.96584778867756,735.1794194915253,200.61168243863892
u_TOP126,Topography,"Long-term mean annual flow (FLO1K, 1980-2010) [mean]",m³/s,0.3251942263279446,3.0831541085732255,0.13576869565217392,0.17528865644100847,0.10811874999999999,0.09562072710652725,0.10138474576271186,0.2752334330969455
u_TOP135,Topography,"Stream power index – a measure of the erosive power of flowing water (Moore et al., 1991)",–,64.74141073903003,85.66408816109232,120.9797543478261,185.16162614630892,62.42208906249999,93.93742586748458,82.82640423728813,120.55872288450787
u_TOP139,Topography,"Sediment transportation index – a metric for describing the erosion and deposition of sediments (Mojaddadi et al., 2017)",–,359.36686316397237,191.85110500313405,453.0266113043478,196.2352250635621,315.4454390625,133.68437244940262,398.20696864406784,150.5703696888578
u_TOP143,Topography,"Compound topographic index – a steady state wetness index, also known as topographic wetness index (TWI) (Beven & Kirkby, 1979)",–,-179540256.03168938,49946234.8670398,-179863892.5889,47379613.86395449,-168412763.08515626,52593743.077891834,-197844361.8737525,45917422.163734294
u_TOP15,Topography,Cell gradient [mean],–,205087.89057967666,89705.99252850183,226695.52788695652,72150.8715388351,187136.8810171875,62605.30599384845,220122.3620915254,85751.59681404517
u_TOP19,Topography,Shortest upstream distance (between focal grid cell and the nearest sub-catchment drainage divide) [mean],m,49.63028556581985,7.1672023485453344,52.81704391304348,6.456360694906665,49.79963281249999,6.592662477181222,49.38075508474577,6.6210798187701565
u_TOP27,Topography,Distance between focal grid cell and its nearest downstream stream grid cell [mean],m,158.76360704387992,18.775705682349788,161.29757739130434,14.942961044892716,158.69498906249999,15.571268493106215,157.291243220339,25.76123474634911
u_TOP3,Topography,"Cell maximum curvature (between highest upstream cell, focal cell, and downstream cell) [mean]",m⁻¹,-85162.17027367205,25641.04625844309,-91138.27024913045,21342.872071404083,-80268.71460937499,21486.519483736294,-91881.09582372881,23180.316126157108
u_TOP31,Topography,Distance between focal grid cell and the outlet grid cell in the network [mean],m,1303868.9409976907,612438.4513926926,729057.6093134781,502253.1920065123,1499414.7761734375,746060.3621803742,1661180.921223729,555120.4727899123
u_TOP35,Topography,Distance between focal grid cell and the downstream stream node grid cell [mean],m,368.34126616628174,65.65974352919561,376.12355130434787,51.89001420264517,367.1926578125,71.71354384353258,363.34413305084746,64.19824115885955
u_TOP39,Topography,Euclidean distance between focal grid cell and the stream network [mean],m,10666.311285334874,127341.08774438994,121.16511347826085,8.91743550194238,119.43563281249999,9.55333588970498,71503.60489237288,384830.11823519145
u_TOP43,Topography,Elevation difference of the shortest path from focal grid cell to the sub-catchment drainage divide [mean],m,14.024919861431872,32.18663373247853,13.066369565217391,4.871902864289234,10.274535937499998,3.532163383364823,26.025481355932204,70.09480319962849
u_TOP47,Topography,Elevation difference of the longest path from focal grid cell to the sub-catchment drainage divide [mean],m,51.050378060046185,30.45734987636711,65.65856608695653,28.437023428326878,43.54125,16.50724096589226,56.477854237288135,26.80113375386431
u_TOP51,Topography,Elevation difference between focal grid cell and its nearest downstream stream pixel [mean],m,31.203955080831413,14.59854698629774,34.64941217391305,12.544006996809607,27.586734375,10.837939285089746,35.48043644067796,12.073456232885395
u_TOP55,Topography,Elevation difference between focal grid cell and the outlet grid cell in the network [mean],m,657.6218102771362,250.6804837328668,1015.0107126086957,358.2915921452395,570.1153203125,245.18427310920947,694.4012652542373,219.38666265443248
u_TOP59,Topography,Elevation difference between focal  grid cell and the downstream stream node grid cell [mean],m,62.41763856812932,31.097557877485812,75.1178852173913,34.76116354554757,54.913934375,24.890740527621972,69.4109525423729,22.202626796568662
u_TOP63,Topography,Segment downstream mean gradient (between focal cell and the node or outlet) [mean],–,117168.44929318708,58854.21272376974,147692.5563734783,70391.5545200216,105689.58487968749,56053.150129855574,134022.07945169494,53855.51827217602
u_TOP67,Topography,Segment upstream mean gradient (between focal cell and the init or node) [mean],–,121031.88482933026,61367.822708701395,146189.38552608693,59581.425557646064,109165.495909375,55455.67600090423,130314.60287288135,51920.77204725421
u_TOP95,Topography,Segment downstream distance (between focal cell and the node or outlet) [mean],–,276.39117344110855,57.65676327460751,282.41803565217396,42.30955063479915,277.524496875,57.14995173425998,265.42405762711866,65.00338024581863
